Size,Products,Material,CP,SP,Color
26,Half polo t-shirt (Boys),CTN,230,400,RED
26,Half polo t-shirt (Boys),CTN,230,400,GRN
26,Half polo t-shirt (Boys),CTN,230,400,NVY
26,Half polo t-shirt (Boys),CTN,230,400,MRN
26,Half polo t-shirt (Boys),CTN,230,400,WHT
26,Half polo t-shirt (Boys),CTN,230,400,BLK
26,Half polo t-shirt (Boys),CTN,230,400,SKY
26,Half polo t-shirt (Boys),CTN,230,400,ORG
26,Half polo t-shirt (Boys),CTN,230,400,GRY
28,Half polo t-shirt (Boys),CTN,270,420,RED
28,Half polo t-shirt (Boys),CTN,270,420,GRN
28,Half polo t-shirt (Boys),CTN,270,420,NVY
28,Half polo t-shirt (Boys),CTN,270,420,MRN
28,Half polo t-shirt (Boys),CTN,270,420,WHT
28,Half polo t-shirt (Boys),CTN,270,420,BLK
28,Half polo t-shirt (Boys),CTN,270,420,SKY
28,Half polo t-shirt (Boys),CTN,270,420,ORG
28,Half polo t-shirt (Boys),CTN,270,420,GRY
30,Half polo t-shirt (Boys),CTN,290,430,RED
30,Half polo t-shirt (Boys),CTN,290,430,GRN
30,Half polo t-shirt (Boys),CTN,290,430,NVY
30,Half polo t-shirt (Boys),CTN,290,430,MRN
30,Half polo t-shirt (Boys),CTN,290,430,WHT
30,Half polo t-shirt (Boys),CTN,290,430,BLK
30,Half polo t-shirt (Boys),CTN,290,430,SKY
30,Half polo t-shirt (Boys),CTN,290,430,ORG
30,Half polo t-shirt (Boys),CTN,290,430,GRY
32,Half polo t-shirt (Boys),CTN,310,450,RED
32,Half polo t-shirt (Boys),CTN,310,450,GRN
32,Half polo t-shirt (Boys),CTN,310,450,NVY
32,Half polo t-shirt (Boys),CTN,310,450,MRN
32,Half polo t-shirt (Boys),CTN,310,450,WHT
32,Half polo t-shirt (Boys),CTN,310,450,BLK
32,Half polo t-shirt (Boys),CTN,310,450,SKY
32,Half polo t-shirt (Boys),CTN,310,450,ORG
32,Half polo t-shirt (Boys),CTN,310,450,GRY
34,Half polo t-shirt (Boys),CTN,335,470,RED
34,Half polo t-shirt (Boys),CTN,335,470,GRN
34,Half polo t-shirt (Boys),CTN,335,470,NVY
34,Half polo t-shirt (Boys),CTN,335,470,MRN
34,Half polo t-shirt (Boys),CTN,335,470,WHT
34,Half polo t-shirt (Boys),CTN,335,470,BLK
34,Half polo t-shirt (Boys),CTN,335,470,SKY
34,Half polo t-shirt (Boys),CTN,335,470,ORG
34,Half polo t-shirt (Boys),CTN,335,470,GRY
36,Half polo t-shirt (Boys),CTN,335,480,RED
36,Half polo t-shirt (Boys),CTN,335,480,GRN
36,Half polo t-shirt (Boys),CTN,335,480,NVY
36,Half polo t-shirt (Boys),CTN,335,480,MRN
36,Half polo t-shirt (Boys),CTN,335,480,WHT
36,Half polo t-shirt (Boys),CTN,335,480,BLK
36,Half polo t-shirt (Boys),CTN,335,480,SKY
36,Half polo t-shirt (Boys),CTN,335,480,ORG
36,Half polo t-shirt (Boys),CTN,335,480,GRY
38,Half polo t-shirt (Boys),CTN,335,500,RED
38,Half polo t-shirt (Boys),CTN,335,500,GRN
38,Half polo t-shirt (Boys),CTN,335,500,NVY
38,Half polo t-shirt (Boys),CTN,335,500,MRN
38,Half polo t-shirt (Boys),CTN,335,500,WHT
38,Half polo t-shirt (Boys),CTN,335,500,BLK
38,Half polo t-shirt (Boys),CTN,335,500,SKY
38,Half polo t-shirt (Boys),CTN,335,500,ORG
38,Half polo t-shirt (Boys),CTN,335,500,GRY
40,Half polo t-shirt (Boys),CTN,340,530,RED
40,Half polo t-shirt (Boys),CTN,340,530,GRN
40,Half polo t-shirt (Boys),CTN,340,530,NVY
40,Half polo t-shirt (Boys),CTN,340,530,MRN
40,Half polo t-shirt (Boys),CTN,340,530,WHT
40,Half polo t-shirt (Boys),CTN,340,530,BLK
40,Half polo t-shirt (Boys),CTN,340,530,SKY
40,Half polo t-shirt (Boys),CTN,340,530,ORG
40,Half polo t-shirt (Boys),CTN,340,530,GRY
26,Half polo t-shirt (Boys),LCR,210,380,RED
26,Half polo t-shirt (Boys),LCR,210,380,GRN
26,Half polo t-shirt (Boys),LCR,210,380,NVY
26,Half polo t-shirt (Boys),LCR,210,380,MRN
26,Half polo t-shirt (Boys),LCR,210,380,WHT
26,Half polo t-shirt (Boys),LCR,210,380,BLK
26,Half polo t-shirt (Boys),LCR,210,380,SKY
26,Half polo t-shirt (Boys),LCR,210,380,ORG
26,Half polo t-shirt (Boys),LCR,210,380,GRY
28,Half polo t-shirt (Boys),LCR,240,390,RED
28,Half polo t-shirt (Boys),LCR,240,390,GRN
28,Half polo t-shirt (Boys),LCR,240,390,NVY
28,Half polo t-shirt (Boys),LCR,240,390,MRN
28,Half polo t-shirt (Boys),LCR,240,390,WHT
28,Half polo t-shirt (Boys),LCR,240,390,BLK
28,Half polo t-shirt (Boys),LCR,240,390,SKY
28,Half polo t-shirt (Boys),LCR,240,390,ORG
28,Half polo t-shirt (Boys),LCR,240,390,GRY
30,Half polo t-shirt (Boys),LCR,250,410,RED
30,Half polo t-shirt (Boys),LCR,250,410,GRN
30,Half polo t-shirt (Boys),LCR,250,410,NVY
30,Half polo t-shirt (Boys),LCR,250,410,MRN
30,Half polo t-shirt (Boys),LCR,250,410,WHT
30,Half polo t-shirt (Boys),LCR,250,410,BLK
30,Half polo t-shirt (Boys),LCR,250,410,SKY
30,Half polo t-shirt (Boys),LCR,250,410,ORG
30,Half polo t-shirt (Boys),LCR,250,410,GRY
32,Half polo t-shirt (Boys),LCR,260,450,RED
32,Half polo t-shirt (Boys),LCR,260,450,GRN
32,Half polo t-shirt (Boys),LCR,260,450,NVY
32,Half polo t-shirt (Boys),LCR,260,450,MRN
32,Half polo t-shirt (Boys),LCR,260,450,WHT
32,Half polo t-shirt (Boys),LCR,260,450,BLK
32,Half polo t-shirt (Boys),LCR,260,450,SKY
32,Half polo t-shirt (Boys),LCR,260,450,ORG
32,Half polo t-shirt (Boys),LCR,260,450,GRY
34,Half polo t-shirt (Boys),LCR,270,470,RED
34,Half polo t-shirt (Boys),LCR,270,470,GRN
34,Half polo t-shirt (Boys),LCR,270,470,NVY
34,Half polo t-shirt (Boys),LCR,270,470,MRN
34,Half polo t-shirt (Boys),LCR,270,470,WHT
34,Half polo t-shirt (Boys),LCR,270,470,BLK
34,Half polo t-shirt (Boys),LCR,270,470,SKY
34,Half polo t-shirt (Boys),LCR,270,470,ORG
34,Half polo t-shirt (Boys),LCR,270,470,GRY
36,Half polo t-shirt (Boys),LCR,335,480,RED
36,Half polo t-shirt (Boys),LCR,335,480,GRN
36,Half polo t-shirt (Boys),LCR,335,480,NVY
36,Half polo t-shirt (Boys),LCR,335,480,MRN
36,Half polo t-shirt (Boys),LCR,335,480,WHT
36,Half polo t-shirt (Boys),LCR,335,480,BLK
36,Half polo t-shirt (Boys),LCR,335,480,SKY
36,Half polo t-shirt (Boys),LCR,335,480,ORG
36,Half polo t-shirt (Boys),LCR,335,480,GRY
38,Half polo t-shirt (Boys),LCR,335,500,RED
38,Half polo t-shirt (Boys),LCR,335,500,GRN
38,Half polo t-shirt (Boys),LCR,335,500,NVY
38,Half polo t-shirt (Boys),LCR,335,500,MRN
38,Half polo t-shirt (Boys),LCR,335,500,WHT
38,Half polo t-shirt (Boys),LCR,335,500,BLK
38,Half polo t-shirt (Boys),LCR,335,500,SKY
38,Half polo t-shirt (Boys),LCR,335,500,ORG
38,Half polo t-shirt (Boys),LCR,335,500,GRY
40,Half polo t-shirt (Boys),LCR,340,530,RED
40,Half polo t-shirt (Boys),LCR,340,530,GRN
40,Half polo t-shirt (Boys),LCR,340,530,NVY
40,Half polo t-shirt (Boys),LCR,340,530,MRN
40,Half polo t-shirt (Boys),LCR,340,530,WHT
40,Half polo t-shirt (Boys),LCR,340,530,BLK
40,Half polo t-shirt (Boys),LCR,340,530,SKY
40,Half polo t-shirt (Boys),LCR,340,530,ORG
40,Half polo t-shirt (Boys),LCR,340,530,GRY
26,Full polo t-shirt (Boys),CTN,230,400,RED
26,Full polo t-shirt (Boys),CTN,230,400,GRN
26,Full polo t-shirt (Boys),CTN,230,400,NVY
26,Full polo t-shirt (Boys),CTN,230,400,MRN
26,Full polo t-shirt (Boys),CTN,230,400,WHT
26,Full polo t-shirt (Boys),CTN,230,400,BLK
26,Full polo t-shirt (Boys),CTN,230,400,SKY
26,Full polo t-shirt (Boys),CTN,230,400,ORG
26,Full polo t-shirt (Boys),CTN,230,400,GRY
28,Full polo t-shirt (Boys),CTN,260,410,RED
28,Full polo t-shirt (Boys),CTN,260,410,GRN
28,Full polo t-shirt (Boys),CTN,260,410,NVY
28,Full polo t-shirt (Boys),CTN,260,410,MRN
28,Full polo t-shirt (Boys),CTN,260,410,WHT
28,Full polo t-shirt (Boys),CTN,260,410,BLK
28,Full polo t-shirt (Boys),CTN,260,410,SKY
28,Full polo t-shirt (Boys),CTN,260,410,ORG
28,Full polo t-shirt (Boys),CTN,260,410,GRY
30,Full polo t-shirt (Boys),CTN,270,430,RED
30,Full polo t-shirt (Boys),CTN,270,430,GRN
30,Full polo t-shirt (Boys),CTN,270,430,NVY
30,Full polo t-shirt (Boys),CTN,270,430,MRN
30,Full polo t-shirt (Boys),CTN,270,430,WHT
30,Full polo t-shirt (Boys),CTN,270,430,BLK
30,Full polo t-shirt (Boys),CTN,270,430,SKY
30,Full polo t-shirt (Boys),CTN,270,430,ORG
30,Full polo t-shirt (Boys),CTN,270,430,GRY
32,Full polo t-shirt (Boys),CTN,280,470,RED
32,Full polo t-shirt (Boys),CTN,280,470,GRN
32,Full polo t-shirt (Boys),CTN,280,470,NVY
32,Full polo t-shirt (Boys),CTN,280,470,MRN
32,Full polo t-shirt (Boys),CTN,280,470,WHT
32,Full polo t-shirt (Boys),CTN,280,470,BLK
32,Full polo t-shirt (Boys),CTN,280,470,SKY
32,Full polo t-shirt (Boys),CTN,280,470,ORG
32,Full polo t-shirt (Boys),CTN,280,470,GRY
34,Full polo t-shirt (Boys),CTN,290,490,RED
34,Full polo t-shirt (Boys),CTN,290,490,GRN
34,Full polo t-shirt (Boys),CTN,290,490,NVY
34,Full polo t-shirt (Boys),CTN,290,490,MRN
34,Full polo t-shirt (Boys),CTN,290,490,WHT
34,Full polo t-shirt (Boys),CTN,290,490,BLK
34,Full polo t-shirt (Boys),CTN,290,490,SKY
34,Full polo t-shirt (Boys),CTN,290,490,ORG
34,Full polo t-shirt (Boys),CTN,290,490,GRY
36,Full polo t-shirt (Boys),CTN,355,500,RED
36,Full polo t-shirt (Boys),CTN,355,500,GRN
36,Full polo t-shirt (Boys),CTN,355,500,NVY
36,Full polo t-shirt (Boys),CTN,355,500,MRN
36,Full polo t-shirt (Boys),CTN,355,500,WHT
36,Full polo t-shirt (Boys),CTN,355,500,BLK
36,Full polo t-shirt (Boys),CTN,355,500,SKY
36,Full polo t-shirt (Boys),CTN,355,500,ORG
36,Full polo t-shirt (Boys),CTN,355,500,GRY
38,Full polo t-shirt (Boys),CTN,360,530,RED
38,Full polo t-shirt (Boys),CTN,360,530,GRN
38,Full polo t-shirt (Boys),CTN,360,530,NVY
38,Full polo t-shirt (Boys),CTN,360,530,MRN
38,Full polo t-shirt (Boys),CTN,360,530,WHT
38,Full polo t-shirt (Boys),CTN,360,530,BLK
38,Full polo t-shirt (Boys),CTN,360,530,SKY
38,Full polo t-shirt (Boys),CTN,360,530,ORG
38,Full polo t-shirt (Boys),CTN,360,530,GRY
40,Full polo t-shirt (Boys),CTN,360,550,RED
40,Full polo t-shirt (Boys),CTN,360,550,GRN
40,Full polo t-shirt (Boys),CTN,360,550,NVY
40,Full polo t-shirt (Boys),CTN,360,550,MRN
40,Full polo t-shirt (Boys),CTN,360,550,WHT
40,Full polo t-shirt (Boys),CTN,360,550,BLK
40,Full polo t-shirt (Boys),CTN,360,550,SKY
40,Full polo t-shirt (Boys),CTN,360,550,ORG
40,Full polo t-shirt (Boys),CTN,360,550,GRY
26,Full polo t-shirt (Boys),LCR,220,390,RED
26,Full polo t-shirt (Boys),LCR,220,390,GRN
26,Full polo t-shirt (Boys),LCR,220,390,NVY
26,Full polo t-shirt (Boys),LCR,220,390,MRN
26,Full polo t-shirt (Boys),LCR,220,390,WHT
26,Full polo t-shirt (Boys),LCR,220,390,BLK
26,Full polo t-shirt (Boys),LCR,220,390,SKY
26,Full polo t-shirt (Boys),LCR,220,390,ORG
26,Full polo t-shirt (Boys),LCR,220,390,GRY
28,Full polo t-shirt (Boys),LCR,250,400,RED
28,Full polo t-shirt (Boys),LCR,250,400,GRN
28,Full polo t-shirt (Boys),LCR,250,400,NVY
28,Full polo t-shirt (Boys),LCR,250,400,MRN
28,Full polo t-shirt (Boys),LCR,250,400,WHT
28,Full polo t-shirt (Boys),LCR,250,400,BLK
28,Full polo t-shirt (Boys),LCR,250,400,SKY
28,Full polo t-shirt (Boys),LCR,250,400,ORG
28,Full polo t-shirt (Boys),LCR,250,400,GRY
30,Full polo t-shirt (Boys),LCR,260,420,RED
30,Full polo t-shirt (Boys),LCR,260,420,GRN
30,Full polo t-shirt (Boys),LCR,260,420,NVY
30,Full polo t-shirt (Boys),LCR,260,420,MRN
30,Full polo t-shirt (Boys),LCR,260,420,WHT
30,Full polo t-shirt (Boys),LCR,260,420,BLK
30,Full polo t-shirt (Boys),LCR,260,420,SKY
30,Full polo t-shirt (Boys),LCR,260,420,ORG
30,Full polo t-shirt (Boys),LCR,260,420,GRY
32,Full polo t-shirt (Boys),LCR,270,460,RED
32,Full polo t-shirt (Boys),LCR,270,460,GRN
32,Full polo t-shirt (Boys),LCR,270,460,NVY
32,Full polo t-shirt (Boys),LCR,270,460,MRN
32,Full polo t-shirt (Boys),LCR,270,460,WHT
32,Full polo t-shirt (Boys),LCR,270,460,BLK
32,Full polo t-shirt (Boys),LCR,270,460,SKY
32,Full polo t-shirt (Boys),LCR,270,460,ORG
32,Full polo t-shirt (Boys),LCR,270,460,GRY
34,Full polo t-shirt (Boys),LCR,280,480,RED
34,Full polo t-shirt (Boys),LCR,280,480,GRN
34,Full polo t-shirt (Boys),LCR,280,480,NVY
34,Full polo t-shirt (Boys),LCR,280,480,MRN
34,Full polo t-shirt (Boys),LCR,280,480,WHT
34,Full polo t-shirt (Boys),LCR,280,480,BLK
34,Full polo t-shirt (Boys),LCR,280,480,SKY
34,Full polo t-shirt (Boys),LCR,280,480,ORG
34,Full polo t-shirt (Boys),LCR,280,480,GRY
36,Full polo t-shirt (Boys),LCR,345,490,RED
36,Full polo t-shirt (Boys),LCR,345,490,GRN
36,Full polo t-shirt (Boys),LCR,345,490,NVY
36,Full polo t-shirt (Boys),LCR,345,490,MRN
36,Full polo t-shirt (Boys),LCR,345,490,WHT
36,Full polo t-shirt (Boys),LCR,345,490,BLK
36,Full polo t-shirt (Boys),LCR,345,490,SKY
36,Full polo t-shirt (Boys),LCR,345,490,ORG
36,Full polo t-shirt (Boys),LCR,345,490,GRY
38,Full polo t-shirt (Boys),LCR,350,520,RED
38,Full polo t-shirt (Boys),LCR,350,520,GRN
38,Full polo t-shirt (Boys),LCR,350,520,NVY
38,Full polo t-shirt (Boys),LCR,350,520,MRN
38,Full polo t-shirt (Boys),LCR,350,520,WHT
38,Full polo t-shirt (Boys),LCR,350,520,BLK
38,Full polo t-shirt (Boys),LCR,350,520,SKY
38,Full polo t-shirt (Boys),LCR,350,520,ORG
38,Full polo t-shirt (Boys),LCR,350,520,GRY
40,Full polo t-shirt (Boys),LCR,350,540,RED
40,Full polo t-shirt (Boys),LCR,350,540,GRN
40,Full polo t-shirt (Boys),LCR,350,540,NVY
40,Full polo t-shirt (Boys),LCR,350,540,MRN
40,Full polo t-shirt (Boys),LCR,350,540,WHT
40,Full polo t-shirt (Boys),LCR,350,540,BLK
40,Full polo t-shirt (Boys),LCR,350,540,SKY
40,Full polo t-shirt (Boys),LCR,350,540,ORG
40,Full polo t-shirt (Boys),LCR,350,540,GRY
26,Half round neck sports t-shirt,CTN,230,400,RED
26,Half round neck sports t-shirt,CTN,230,400,GRN
26,Half round neck sports t-shirt,CTN,230,400,NVY
26,Half round neck sports t-shirt,CTN,230,400,MRN
26,Half round neck sports t-shirt,CTN,230,400,WHT
26,Half round neck sports t-shirt,CTN,230,400,BLK
26,Half round neck sports t-shirt,CTN,230,400,SKY
26,Half round neck sports t-shirt,CTN,230,400,ORG
26,Half round neck sports t-shirt,CTN,230,400,GRY
28,Half round neck sports t-shirt,CTN,270,420,RED
28,Half round neck sports t-shirt,CTN,270,420,GRN
28,Half round neck sports t-shirt,CTN,270,420,NVY
28,Half round neck sports t-shirt,CTN,270,420,MRN
28,Half round neck sports t-shirt,CTN,270,420,WHT
28,Half round neck sports t-shirt,CTN,270,420,BLK
28,Half round neck sports t-shirt,CTN,270,420,SKY
28,Half round neck sports t-shirt,CTN,270,420,ORG
28,Half round neck sports t-shirt,CTN,270,420,GRY
30,Half round neck sports t-shirt,CTN,290,430,RED
30,Half round neck sports t-shirt,CTN,290,430,GRN
30,Half round neck sports t-shirt,CTN,290,430,NVY
30,Half round neck sports t-shirt,CTN,290,430,MRN
30,Half round neck sports t-shirt,CTN,290,430,WHT
30,Half round neck sports t-shirt,CTN,290,430,BLK
30,Half round neck sports t-shirt,CTN,290,430,SKY
30,Half round neck sports t-shirt,CTN,290,430,ORG
30,Half round neck sports t-shirt,CTN,290,430,GRY
32,Half round neck sports t-shirt,CTN,310,450,RED
32,Half round neck sports t-shirt,CTN,310,450,GRN
32,Half round neck sports t-shirt,CTN,310,450,NVY
32,Half round neck sports t-shirt,CTN,310,450,MRN
32,Half round neck sports t-shirt,CTN,310,450,WHT
32,Half round neck sports t-shirt,CTN,310,450,BLK
32,Half round neck sports t-shirt,CTN,310,450,SKY
32,Half round neck sports t-shirt,CTN,310,450,ORG
32,Half round neck sports t-shirt,CTN,310,450,GRY
34,Half round neck sports t-shirt,CTN,335,470,RED
34,Half round neck sports t-shirt,CTN,335,470,GRN
34,Half round neck sports t-shirt,CTN,335,470,NVY
34,Half round neck sports t-shirt,CTN,335,470,MRN
34,Half round neck sports t-shirt,CTN,335,470,WHT
34,Half round neck sports t-shirt,CTN,335,470,BLK
34,Half round neck sports t-shirt,CTN,335,470,SKY
34,Half round neck sports t-shirt,CTN,335,470,ORG
34,Half round neck sports t-shirt,CTN,335,470,GRY
36,Half round neck sports t-shirt,CTN,335,480,RED
36,Half round neck sports t-shirt,CTN,335,480,GRN
36,Half round neck sports t-shirt,CTN,335,480,NVY
36,Half round neck sports t-shirt,CTN,335,480,MRN
36,Half round neck sports t-shirt,CTN,335,480,WHT
36,Half round neck sports t-shirt,CTN,335,480,BLK
36,Half round neck sports t-shirt,CTN,335,480,SKY
36,Half round neck sports t-shirt,CTN,335,480,ORG
36,Half round neck sports t-shirt,CTN,335,480,GRY
38,Half round neck sports t-shirt,CTN,335,500,RED
38,Half round neck sports t-shirt,CTN,335,500,GRN
38,Half round neck sports t-shirt,CTN,335,500,NVY
38,Half round neck sports t-shirt,CTN,335,500,MRN
38,Half round neck sports t-shirt,CTN,335,500,WHT
38,Half round neck sports t-shirt,CTN,335,500,BLK
38,Half round neck sports t-shirt,CTN,335,500,SKY
38,Half round neck sports t-shirt,CTN,335,500,ORG
38,Half round neck sports t-shirt,CTN,335,500,GRY
40,Half round neck sports t-shirt,CTN,340,530,RED
40,Half round neck sports t-shirt,CTN,340,530,GRN
40,Half round neck sports t-shirt,CTN,340,530,NVY
40,Half round neck sports t-shirt,CTN,340,530,MRN
40,Half round neck sports t-shirt,CTN,340,530,WHT
40,Half round neck sports t-shirt,CTN,340,530,BLK
40,Half round neck sports t-shirt,CTN,340,530,SKY
40,Half round neck sports t-shirt,CTN,340,530,ORG
40,Half round neck sports t-shirt,CTN,340,530,GRY
26,Half round neck sports t-shirt,LCR,210,380,RED
26,Half round neck sports t-shirt,LCR,210,380,GRN
26,Half round neck sports t-shirt,LCR,210,380,NVY
26,Half round neck sports t-shirt,LCR,210,380,MRN
26,Half round neck sports t-shirt,LCR,210,380,WHT
26,Half round neck sports t-shirt,LCR,210,380,BLK
26,Half round neck sports t-shirt,LCR,210,380,SKY
26,Half round neck sports t-shirt,LCR,210,380,ORG
26,Half round neck sports t-shirt,LCR,210,380,GRY
28,Half round neck sports t-shirt,LCR,240,390,RED
28,Half round neck sports t-shirt,LCR,240,390,GRN
28,Half round neck sports t-shirt,LCR,240,390,NVY
28,Half round neck sports t-shirt,LCR,240,390,MRN
28,Half round neck sports t-shirt,LCR,240,390,WHT
28,Half round neck sports t-shirt,LCR,240,390,BLK
28,Half round neck sports t-shirt,LCR,240,390,SKY
28,Half round neck sports t-shirt,LCR,240,390,ORG
28,Half round neck sports t-shirt,LCR,240,390,GRY
30,Half round neck sports t-shirt,LCR,250,410,RED
30,Half round neck sports t-shirt,LCR,250,410,GRN
30,Half round neck sports t-shirt,LCR,250,410,NVY
30,Half round neck sports t-shirt,LCR,250,410,MRN
30,Half round neck sports t-shirt,LCR,250,410,WHT
30,Half round neck sports t-shirt,LCR,250,410,BLK
30,Half round neck sports t-shirt,LCR,250,410,SKY
30,Half round neck sports t-shirt,LCR,250,410,ORG
30,Half round neck sports t-shirt,LCR,250,410,GRY
32,Half round neck sports t-shirt,LCR,260,450,RED
32,Half round neck sports t-shirt,LCR,260,450,GRN
32,Half round neck sports t-shirt,LCR,260,450,NVY
32,Half round neck sports t-shirt,LCR,260,450,MRN
32,Half round neck sports t-shirt,LCR,260,450,WHT
32,Half round neck sports t-shirt,LCR,260,450,BLK
32,Half round neck sports t-shirt,LCR,260,450,SKY
32,Half round neck sports t-shirt,LCR,260,450,ORG
32,Half round neck sports t-shirt,LCR,260,450,GRY
34,Half round neck sports t-shirt,LCR,270,470,RED
34,Half round neck sports t-shirt,LCR,270,470,GRN
34,Half round neck sports t-shirt,LCR,270,470,NVY
34,Half round neck sports t-shirt,LCR,270,470,MRN
34,Half round neck sports t-shirt,LCR,270,470,WHT
34,Half round neck sports t-shirt,LCR,270,470,BLK
34,Half round neck sports t-shirt,LCR,270,470,SKY
34,Half round neck sports t-shirt,LCR,270,470,ORG
34,Half round neck sports t-shirt,LCR,270,470,GRY
36,Half round neck sports t-shirt,LCR,335,480,RED
36,Half round neck sports t-shirt,LCR,335,480,GRN
36,Half round neck sports t-shirt,LCR,335,480,NVY
36,Half round neck sports t-shirt,LCR,335,480,MRN
36,Half round neck sports t-shirt,LCR,335,480,WHT
36,Half round neck sports t-shirt,LCR,335,480,BLK
36,Half round neck sports t-shirt,LCR,335,480,SKY
36,Half round neck sports t-shirt,LCR,335,480,ORG
36,Half round neck sports t-shirt,LCR,335,480,GRY
38,Half round neck sports t-shirt,LCR,335,500,RED
38,Half round neck sports t-shirt,LCR,335,500,GRN
38,Half round neck sports t-shirt,LCR,335,500,NVY
38,Half round neck sports t-shirt,LCR,335,500,MRN
38,Half round neck sports t-shirt,LCR,335,500,WHT
38,Half round neck sports t-shirt,LCR,335,500,BLK
38,Half round neck sports t-shirt,LCR,335,500,SKY
38,Half round neck sports t-shirt,LCR,335,500,ORG
38,Half round neck sports t-shirt,LCR,335,500,GRY
40,Half round neck sports t-shirt,LCR,340,530,RED
40,Half round neck sports t-shirt,LCR,340,530,GRN
40,Half round neck sports t-shirt,LCR,340,530,NVY
40,Half round neck sports t-shirt,LCR,340,530,MRN
40,Half round neck sports t-shirt,LCR,340,530,WHT
40,Half round neck sports t-shirt,LCR,340,530,BLK
40,Half round neck sports t-shirt,LCR,340,530,SKY
40,Half round neck sports t-shirt,LCR,340,530,ORG
40,Half round neck sports t-shirt,LCR,340,530,GRY
26,Full round neck sports t-shirt,CTN,230,400,RED
26,Full round neck sports t-shirt,CTN,230,400,GRN
26,Full round neck sports t-shirt,CTN,230,400,NVY
26,Full round neck sports t-shirt,CTN,230,400,MRN
26,Full round neck sports t-shirt,CTN,230,400,WHT
26,Full round neck sports t-shirt,CTN,230,400,BLK
26,Full round neck sports t-shirt,CTN,230,400,SKY
26,Full round neck sports t-shirt,CTN,230,400,ORG
26,Full round neck sports t-shirt,CTN,230,400,GRY
28,Full round neck sports t-shirt,CTN,260,410,RED
28,Full round neck sports t-shirt,CTN,260,410,GRN
28,Full round neck sports t-shirt,CTN,260,410,NVY
28,Full round neck sports t-shirt,CTN,260,410,MRN
28,Full round neck sports t-shirt,CTN,260,410,WHT
28,Full round neck sports t-shirt,CTN,260,410,BLK
28,Full round neck sports t-shirt,CTN,260,410,SKY
28,Full round neck sports t-shirt,CTN,260,410,ORG
28,Full round neck sports t-shirt,CTN,260,410,GRY
30,Full round neck sports t-shirt,CTN,270,430,RED
30,Full round neck sports t-shirt,CTN,270,430,GRN
30,Full round neck sports t-shirt,CTN,270,430,NVY
30,Full round neck sports t-shirt,CTN,270,430,MRN
30,Full round neck sports t-shirt,CTN,270,430,WHT
30,Full round neck sports t-shirt,CTN,270,430,BLK
30,Full round neck sports t-shirt,CTN,270,430,SKY
30,Full round neck sports t-shirt,CTN,270,430,ORG
30,Full round neck sports t-shirt,CTN,270,430,GRY
32,Full round neck sports t-shirt,CTN,280,470,RED
32,Full round neck sports t-shirt,CTN,280,470,GRN
32,Full round neck sports t-shirt,CTN,280,470,NVY
32,Full round neck sports t-shirt,CTN,280,470,MRN
32,Full round neck sports t-shirt,CTN,280,470,WHT
32,Full round neck sports t-shirt,CTN,280,470,BLK
32,Full round neck sports t-shirt,CTN,280,470,SKY
32,Full round neck sports t-shirt,CTN,280,470,ORG
32,Full round neck sports t-shirt,CTN,280,470,GRY
34,Full round neck sports t-shirt,CTN,290,490,RED
34,Full round neck sports t-shirt,CTN,290,490,GRN
34,Full round neck sports t-shirt,CTN,290,490,NVY
34,Full round neck sports t-shirt,CTN,290,490,MRN
34,Full round neck sports t-shirt,CTN,290,490,WHT
34,Full round neck sports t-shirt,CTN,290,490,BLK
34,Full round neck sports t-shirt,CTN,290,490,SKY
34,Full round neck sports t-shirt,CTN,290,490,ORG
34,Full round neck sports t-shirt,CTN,290,490,GRY
36,Full round neck sports t-shirt,CTN,355,500,RED
36,Full round neck sports t-shirt,CTN,355,500,GRN
36,Full round neck sports t-shirt,CTN,355,500,NVY
36,Full round neck sports t-shirt,CTN,355,500,MRN
36,Full round neck sports t-shirt,CTN,355,500,WHT
36,Full round neck sports t-shirt,CTN,355,500,BLK
36,Full round neck sports t-shirt,CTN,355,500,SKY
36,Full round neck sports t-shirt,CTN,355,500,ORG
36,Full round neck sports t-shirt,CTN,355,500,GRY
38,Full round neck sports t-shirt,CTN,360,530,RED
38,Full round neck sports t-shirt,CTN,360,530,GRN
38,Full round neck sports t-shirt,CTN,360,530,NVY
38,Full round neck sports t-shirt,CTN,360,530,MRN
38,Full round neck sports t-shirt,CTN,360,530,WHT
38,Full round neck sports t-shirt,CTN,360,530,BLK
38,Full round neck sports t-shirt,CTN,360,530,SKY
38,Full round neck sports t-shirt,CTN,360,530,ORG
38,Full round neck sports t-shirt,CTN,360,530,GRY
40,Full round neck sports t-shirt,CTN,360,550,RED
40,Full round neck sports t-shirt,CTN,360,550,GRN
40,Full round neck sports t-shirt,CTN,360,550,NVY
40,Full round neck sports t-shirt,CTN,360,550,MRN
40,Full round neck sports t-shirt,CTN,360,550,WHT
40,Full round neck sports t-shirt,CTN,360,550,BLK
40,Full round neck sports t-shirt,CTN,360,550,SKY
40,Full round neck sports t-shirt,CTN,360,550,ORG
40,Full round neck sports t-shirt,CTN,360,550,GRY
26,Full round neck sports t-shirt,LCR,220,390,RED
26,Full round neck sports t-shirt,LCR,220,390,GRN
26,Full round neck sports t-shirt,LCR,220,390,NVY
26,Full round neck sports t-shirt,LCR,220,390,MRN
26,Full round neck sports t-shirt,LCR,220,390,WHT
26,Full round neck sports t-shirt,LCR,220,390,BLK
26,Full round neck sports t-shirt,LCR,220,390,SKY
26,Full round neck sports t-shirt,LCR,220,390,ORG
26,Full round neck sports t-shirt,LCR,220,390,GRY
28,Full round neck sports t-shirt,LCR,250,400,RED
28,Full round neck sports t-shirt,LCR,250,400,GRN
28,Full round neck sports t-shirt,LCR,250,400,NVY
28,Full round neck sports t-shirt,LCR,250,400,MRN
28,Full round neck sports t-shirt,LCR,250,400,WHT
28,Full round neck sports t-shirt,LCR,250,400,BLK
28,Full round neck sports t-shirt,LCR,250,400,SKY
28,Full round neck sports t-shirt,LCR,250,400,ORG
28,Full round neck sports t-shirt,LCR,250,400,GRY
30,Full round neck sports t-shirt,LCR,260,420,RED
30,Full round neck sports t-shirt,LCR,260,420,GRN
30,Full round neck sports t-shirt,LCR,260,420,NVY
30,Full round neck sports t-shirt,LCR,260,420,MRN
30,Full round neck sports t-shirt,LCR,260,420,WHT
30,Full round neck sports t-shirt,LCR,260,420,BLK
30,Full round neck sports t-shirt,LCR,260,420,SKY
30,Full round neck sports t-shirt,LCR,260,420,ORG
30,Full round neck sports t-shirt,LCR,260,420,GRY
32,Full round neck sports t-shirt,LCR,270,460,RED
32,Full round neck sports t-shirt,LCR,270,460,GRN
32,Full round neck sports t-shirt,LCR,270,460,NVY
32,Full round neck sports t-shirt,LCR,270,460,MRN
32,Full round neck sports t-shirt,LCR,270,460,WHT
32,Full round neck sports t-shirt,LCR,270,460,BLK
32,Full round neck sports t-shirt,LCR,270,460,SKY
32,Full round neck sports t-shirt,LCR,270,460,ORG
32,Full round neck sports t-shirt,LCR,270,460,GRY
34,Full round neck sports t-shirt,LCR,280,480,RED
34,Full round neck sports t-shirt,LCR,280,480,GRN
34,Full round neck sports t-shirt,LCR,280,480,NVY
34,Full round neck sports t-shirt,LCR,280,480,MRN
34,Full round neck sports t-shirt,LCR,280,480,WHT
34,Full round neck sports t-shirt,LCR,280,480,BLK
34,Full round neck sports t-shirt,LCR,280,480,SKY
34,Full round neck sports t-shirt,LCR,280,480,ORG
34,Full round neck sports t-shirt,LCR,280,480,GRY
36,Full round neck sports t-shirt,LCR,345,490,RED
36,Full round neck sports t-shirt,LCR,345,490,GRN
36,Full round neck sports t-shirt,LCR,345,490,NVY
36,Full round neck sports t-shirt,LCR,345,490,MRN
36,Full round neck sports t-shirt,LCR,345,490,WHT
36,Full round neck sports t-shirt,LCR,345,490,BLK
36,Full round neck sports t-shirt,LCR,345,490,SKY
36,Full round neck sports t-shirt,LCR,345,490,ORG
36,Full round neck sports t-shirt,LCR,345,490,GRY
38,Full round neck sports t-shirt,LCR,350,520,RED
38,Full round neck sports t-shirt,LCR,350,520,GRN
38,Full round neck sports t-shirt,LCR,350,520,NVY
38,Full round neck sports t-shirt,LCR,350,520,MRN
38,Full round neck sports t-shirt,LCR,350,520,WHT
38,Full round neck sports t-shirt,LCR,350,520,BLK
38,Full round neck sports t-shirt,LCR,350,520,SKY
38,Full round neck sports t-shirt,LCR,350,520,ORG
38,Full round neck sports t-shirt,LCR,350,520,GRY
40,Full round neck sports t-shirt,LCR,350,540,RED
40,Full round neck sports t-shirt,LCR,350,540,GRN
40,Full round neck sports t-shirt,LCR,350,540,NVY
40,Full round neck sports t-shirt,LCR,350,540,MRN
40,Full round neck sports t-shirt,LCR,350,540,WHT
40,Full round neck sports t-shirt,LCR,350,540,BLK
40,Full round neck sports t-shirt,LCR,350,540,SKY
40,Full round neck sports t-shirt,LCR,350,540,ORG
40,Full round neck sports t-shirt,LCR,350,540,GRY
26,Full round neck sports t-shirt,DFT,250,430,RED
26,Full round neck sports t-shirt,DFT,250,430,GRN
26,Full round neck sports t-shirt,DFT,250,430,NVY
26,Full round neck sports t-shirt,DFT,250,430,MRN
26,Full round neck sports t-shirt,DFT,250,430,WHT
26,Full round neck sports t-shirt,DFT,250,430,BLK
26,Full round neck sports t-shirt,DFT,250,430,SKY
26,Full round neck sports t-shirt,DFT,250,430,ORG
26,Full round neck sports t-shirt,DFT,250,430,GRY
28,Full round neck sports t-shirt,DFT,260,430,RED
28,Full round neck sports t-shirt,DFT,260,430,GRN
28,Full round neck sports t-shirt,DFT,260,430,NVY
28,Full round neck sports t-shirt,DFT,260,430,MRN
28,Full round neck sports t-shirt,DFT,260,430,WHT
28,Full round neck sports t-shirt,DFT,260,430,BLK
28,Full round neck sports t-shirt,DFT,260,430,SKY
28,Full round neck sports t-shirt,DFT,260,430,ORG
28,Full round neck sports t-shirt,DFT,260,430,GRY
30,Full round neck sports t-shirt,DFT,290,460,RED
30,Full round neck sports t-shirt,DFT,290,460,GRN
30,Full round neck sports t-shirt,DFT,290,460,NVY
30,Full round neck sports t-shirt,DFT,290,460,MRN
30,Full round neck sports t-shirt,DFT,290,460,WHT
30,Full round neck sports t-shirt,DFT,290,460,BLK
30,Full round neck sports t-shirt,DFT,290,460,SKY
30,Full round neck sports t-shirt,DFT,290,460,ORG
30,Full round neck sports t-shirt,DFT,290,460,GRY
32,Full round neck sports t-shirt,DFT,290,480,RED
32,Full round neck sports t-shirt,DFT,290,480,GRN
32,Full round neck sports t-shirt,DFT,290,480,NVY
32,Full round neck sports t-shirt,DFT,290,480,MRN
32,Full round neck sports t-shirt,DFT,290,480,WHT
32,Full round neck sports t-shirt,DFT,290,480,BLK
32,Full round neck sports t-shirt,DFT,290,480,SKY
32,Full round neck sports t-shirt,DFT,290,480,ORG
32,Full round neck sports t-shirt,DFT,290,480,GRY
34,Full round neck sports t-shirt,DFT,300,500,RED
34,Full round neck sports t-shirt,DFT,300,500,GRN
34,Full round neck sports t-shirt,DFT,300,500,NVY
34,Full round neck sports t-shirt,DFT,300,500,MRN
34,Full round neck sports t-shirt,DFT,300,500,WHT
34,Full round neck sports t-shirt,DFT,300,500,BLK
34,Full round neck sports t-shirt,DFT,300,500,SKY
34,Full round neck sports t-shirt,DFT,300,500,ORG
34,Full round neck sports t-shirt,DFT,300,500,GRY
36,Full round neck sports t-shirt,DFT,370,510,RED
36,Full round neck sports t-shirt,DFT,370,510,GRN
36,Full round neck sports t-shirt,DFT,370,510,NVY
36,Full round neck sports t-shirt,DFT,370,510,MRN
36,Full round neck sports t-shirt,DFT,370,510,WHT
36,Full round neck sports t-shirt,DFT,370,510,BLK
36,Full round neck sports t-shirt,DFT,370,510,SKY
36,Full round neck sports t-shirt,DFT,370,510,ORG
36,Full round neck sports t-shirt,DFT,370,510,GRY
38,Full round neck sports t-shirt,DFT,380,510,RED
38,Full round neck sports t-shirt,DFT,380,510,GRN
38,Full round neck sports t-shirt,DFT,380,510,NVY
38,Full round neck sports t-shirt,DFT,380,510,MRN
38,Full round neck sports t-shirt,DFT,380,510,WHT
38,Full round neck sports t-shirt,DFT,380,510,BLK
38,Full round neck sports t-shirt,DFT,380,510,SKY
38,Full round neck sports t-shirt,DFT,380,510,ORG
38,Full round neck sports t-shirt,DFT,380,510,GRY
40,Full round neck sports t-shirt,DFT,390,550,RED
40,Full round neck sports t-shirt,DFT,390,550,GRN
40,Full round neck sports t-shirt,DFT,390,550,NVY
40,Full round neck sports t-shirt,DFT,390,550,MRN
40,Full round neck sports t-shirt,DFT,390,550,WHT
40,Full round neck sports t-shirt,DFT,390,550,BLK
40,Full round neck sports t-shirt,DFT,390,550,SKY
40,Full round neck sports t-shirt,DFT,390,550,ORG
40,Full round neck sports t-shirt,DFT,390,550,GRY
26,Full shirt,CTN,290,430,WHT
26,Full shirt,CTN,290,430,CRM
26,Full shirt,CTN,290,430,CFE
26,Full shirt,CTN,290,430,PIS
26,Full shirt,CTN,290,430,SKY
28,Full shirt,CTN,320,450,WHT
28,Full shirt,CTN,320,450,CRM
28,Full shirt,CTN,320,450,CFE
28,Full shirt,CTN,320,450,PIS
28,Full shirt,CTN,320,450,SKY
30,Full shirt,CTN,350,470,WHT
30,Full shirt,CTN,350,470,CRM
30,Full shirt,CTN,350,470,CFE
30,Full shirt,CTN,350,470,PIS
30,Full shirt,CTN,350,470,SKY
32,Full shirt,CTN,370,490,WHT
32,Full shirt,CTN,370,490,CRM
32,Full shirt,CTN,370,490,CFE
32,Full shirt,CTN,370,490,PIS
32,Full shirt,CTN,370,490,SKY
34,Full shirt,CTN,390,510,WHT
34,Full shirt,CTN,390,510,CRM
34,Full shirt,CTN,390,510,CFE
34,Full shirt,CTN,390,510,PIS
34,Full shirt,CTN,390,510,SKY
36,Full shirt,CTN,400,520,WHT
36,Full shirt,CTN,400,520,CRM
36,Full shirt,CTN,400,520,CFE
36,Full shirt,CTN,400,520,PIS
36,Full shirt,CTN,400,520,SKY
38,Full shirt,CTN,420,540,WHT
38,Full shirt,CTN,420,540,CRM
38,Full shirt,CTN,420,540,CFE
38,Full shirt,CTN,420,540,PIS
38,Full shirt,CTN,420,540,SKY
40,Full shirt,CTN,430,570,WHT
40,Full shirt,CTN,430,570,CRM
40,Full shirt,CTN,430,570,CFE
40,Full shirt,CTN,430,570,PIS
40,Full shirt,CTN,430,570,SKY
26,Full shirt,TCT,270,420,WHT
26,Full shirt,TCT,270,420,CRM
26,Full shirt,TCT,270,420,CFE
26,Full shirt,TCT,270,420,PIS
26,Full shirt,TCT,270,420,SKY
28,Full shirt,TCT,300,430,WHT
28,Full shirt,TCT,300,430,CRM
28,Full shirt,TCT,300,430,CFE
28,Full shirt,TCT,300,430,PIS
28,Full shirt,TCT,300,430,SKY
30,Full shirt,TCT,330,450,WHT
30,Full shirt,TCT,330,450,CRM
30,Full shirt,TCT,330,450,CFE
30,Full shirt,TCT,330,450,PIS
30,Full shirt,TCT,330,450,SKY
32,Full shirt,TCT,350,470,WHT
32,Full shirt,TCT,350,470,CRM
32,Full shirt,TCT,350,470,CFE
32,Full shirt,TCT,350,470,PIS
32,Full shirt,TCT,350,470,SKY
34,Full shirt,TCT,370,490,WHT
34,Full shirt,TCT,370,490,CRM
34,Full shirt,TCT,370,490,CFE
34,Full shirt,TCT,370,490,PIS
34,Full shirt,TCT,370,490,SKY
36,Full shirt,TCT,380,500,WHT
36,Full shirt,TCT,380,500,CRM
36,Full shirt,TCT,380,500,CFE
36,Full shirt,TCT,380,500,PIS
36,Full shirt,TCT,380,500,SKY
38,Full shirt,TCT,400,520,WHT
38,Full shirt,TCT,400,520,CRM
38,Full shirt,TCT,400,520,CFE
38,Full shirt,TCT,400,520,PIS
38,Full shirt,TCT,400,520,SKY
40,Full shirt,TCT,410,550,WHT
40,Full shirt,TCT,410,550,CRM
40,Full shirt,TCT,410,550,CFE
40,Full shirt,TCT,410,550,PIS
40,Full shirt,TCT,410,550,SKY
26,Half Shirt,CTN,290,430,WHT
26,Half Shirt,CTN,290,430,CRM
26,Half Shirt,CTN,290,430,CFE
26,Half Shirt,CTN,290,430,PIS
26,Half Shirt,CTN,290,430,SKY
28,Half Shirt,CTN,320,450,WHT
28,Half Shirt,CTN,320,450,CRM
28,Half Shirt,CTN,320,450,CFE
28,Half Shirt,CTN,320,450,PIS
28,Half Shirt,CTN,320,450,SKY
30,Half Shirt,CTN,350,470,WHT
30,Half Shirt,CTN,350,470,CRM
30,Half Shirt,CTN,350,470,CFE
30,Half Shirt,CTN,350,470,PIS
30,Half Shirt,CTN,350,470,SKY
32,Half Shirt,CTN,370,490,WHT
32,Half Shirt,CTN,370,490,CRM
32,Half Shirt,CTN,370,490,CFE
32,Half Shirt,CTN,370,490,PIS
32,Half Shirt,CTN,370,490,SKY
34,Half Shirt,CTN,390,510,WHT
34,Half Shirt,CTN,390,510,CRM
34,Half Shirt,CTN,390,510,CFE
34,Half Shirt,CTN,390,510,PIS
34,Half Shirt,CTN,390,510,SKY
36,Half Shirt,CTN,400,520,WHT
36,Half Shirt,CTN,400,520,CRM
36,Half Shirt,CTN,400,520,CFE
36,Half Shirt,CTN,400,520,PIS
36,Half Shirt,CTN,400,520,SKY
38,Half Shirt,CTN,420,540,WHT
38,Half Shirt,CTN,420,540,CRM
38,Half Shirt,CTN,420,540,CFE
38,Half Shirt,CTN,420,540,PIS
38,Half Shirt,CTN,420,540,SKY
40,Half Shirt,CTN,430,570,WHT
40,Half Shirt,CTN,430,570,CRM
40,Half Shirt,CTN,430,570,CFE
40,Half Shirt,CTN,430,570,PIS
40,Half Shirt,CTN,430,570,SKY
26,Half Shirt,TCT,270,420,WHT
26,Half Shirt,TCT,270,420,CRM
26,Half Shirt,TCT,270,420,CFE
26,Half Shirt,TCT,270,420,PIS
26,Half Shirt,TCT,270,420,SKY
28,Half Shirt,TCT,300,430,WHT
28,Half Shirt,TCT,300,430,CRM
28,Half Shirt,TCT,300,430,CFE
28,Half Shirt,TCT,300,430,PIS
28,Half Shirt,TCT,300,430,SKY
30,Half Shirt,TCT,330,450,WHT
30,Half Shirt,TCT,330,450,CRM
30,Half Shirt,TCT,330,450,CFE
30,Half Shirt,TCT,330,450,PIS
30,Half Shirt,TCT,330,450,SKY
32,Half Shirt,TCT,350,470,WHT
32,Half Shirt,TCT,350,470,CRM
32,Half Shirt,TCT,350,470,CFE
32,Half Shirt,TCT,350,470,PIS
32,Half Shirt,TCT,350,470,SKY
34,Half Shirt,TCT,370,490,WHT
34,Half Shirt,TCT,370,490,CRM
34,Half Shirt,TCT,370,490,CFE
34,Half Shirt,TCT,370,490,PIS
34,Half Shirt,TCT,370,490,SKY
36,Half Shirt,TCT,380,500,WHT
36,Half Shirt,TCT,380,500,CRM
36,Half Shirt,TCT,380,500,CFE
36,Half Shirt,TCT,380,500,PIS
36,Half Shirt,TCT,380,500,SKY
38,Half Shirt,TCT,400,520,WHT
38,Half Shirt,TCT,400,520,CRM
38,Half Shirt,TCT,400,520,CFE
38,Half Shirt,TCT,400,520,PIS
38,Half Shirt,TCT,400,520,SKY
40,Half Shirt,TCT,410,550,WHT
40,Half Shirt,TCT,410,550,CRM
40,Half Shirt,TCT,410,550,CFE
40,Half Shirt,TCT,410,550,PIS
40,Half Shirt,TCT,410,550,SKY
26,Half trouser,CTN1,340,560,RED
26,Half trouser,CTN1,340,560,GRN
26,Half trouser,CTN1,340,560,NVY
26,Half trouser,CTN1,340,560,MRN
26,Half trouser,CTN1,340,560,WHT
26,Half trouser,CTN1,340,560,BLK
26,Half trouser,CTN1,340,560,SKY
26,Half trouser,CTN1,340,560,ORG
26,Half trouser,CTN1,340,560,GRY
28,Half trouser,CTN1,360,590,RED
28,Half trouser,CTN1,360,590,GRN
28,Half trouser,CTN1,360,590,NVY
28,Half trouser,CTN1,360,590,MRN
28,Half trouser,CTN1,360,590,WHT
28,Half trouser,CTN1,360,590,BLK
28,Half trouser,CTN1,360,590,SKY
28,Half trouser,CTN1,360,590,ORG
28,Half trouser,CTN1,360,590,GRY
30,Half trouser,CTN1,380,620,RED
30,Half trouser,CTN1,380,620,GRN
30,Half trouser,CTN1,380,620,NVY
30,Half trouser,CTN1,380,620,MRN
30,Half trouser,CTN1,380,620,WHT
30,Half trouser,CTN1,380,620,BLK
30,Half trouser,CTN1,380,620,SKY
30,Half trouser,CTN1,380,620,ORG
30,Half trouser,CTN1,380,620,GRY
32,Half trouser,CTN1,390,640,RED
32,Half trouser,CTN1,390,640,GRN
32,Half trouser,CTN1,390,640,NVY
32,Half trouser,CTN1,390,640,MRN
32,Half trouser,CTN1,390,640,WHT
32,Half trouser,CTN1,390,640,BLK
32,Half trouser,CTN1,390,640,SKY
32,Half trouser,CTN1,390,640,ORG
32,Half trouser,CTN1,390,640,GRY
34,Half trouser,CTN1,410,660,RED
34,Half trouser,CTN1,410,660,GRN
34,Half trouser,CTN1,410,660,NVY
34,Half trouser,CTN1,410,660,MRN
34,Half trouser,CTN1,410,660,WHT
34,Half trouser,CTN1,410,660,BLK
34,Half trouser,CTN1,410,660,SKY
34,Half trouser,CTN1,410,660,ORG
34,Half trouser,CTN1,410,660,GRY
36,Half trouser,CTN1,430,680,RED
36,Half trouser,CTN1,430,680,GRN
36,Half trouser,CTN1,430,680,NVY
36,Half trouser,CTN1,430,680,MRN
36,Half trouser,CTN1,430,680,WHT
36,Half trouser,CTN1,430,680,BLK
36,Half trouser,CTN1,430,680,SKY
36,Half trouser,CTN1,430,680,ORG
36,Half trouser,CTN1,430,680,GRY
38,Half trouser,CTN1,450,700,RED
38,Half trouser,CTN1,450,700,GRN
38,Half trouser,CTN1,450,700,NVY
38,Half trouser,CTN1,450,700,MRN
38,Half trouser,CTN1,450,700,WHT
38,Half trouser,CTN1,450,700,BLK
38,Half trouser,CTN1,450,700,SKY
38,Half trouser,CTN1,450,700,ORG
38,Half trouser,CTN1,450,700,GRY
40,Half trouser,CTN1,470,710,RED
40,Half trouser,CTN1,470,710,GRN
40,Half trouser,CTN1,470,710,NVY
40,Half trouser,CTN1,470,710,MRN
40,Half trouser,CTN1,470,710,WHT
40,Half trouser,CTN1,470,710,BLK
40,Half trouser,CTN1,470,710,SKY
40,Half trouser,CTN1,470,710,ORG
40,Half trouser,CTN1,470,710,GRY
26,Half trouser,CTN2,340,565,RED
26,Half trouser,CTN2,340,565,GRN
26,Half trouser,CTN2,340,565,NVY
26,Half trouser,CTN2,340,565,MRN
26,Half trouser,CTN2,340,565,WHT
26,Half trouser,CTN2,340,565,BLK
26,Half trouser,CTN2,340,565,SKY
26,Half trouser,CTN2,340,565,ORG
26,Half trouser,CTN2,340,565,GRY
28,Half trouser,CTN2,360,595,RED
28,Half trouser,CTN2,360,595,GRN
28,Half trouser,CTN2,360,595,NVY
28,Half trouser,CTN2,360,595,MRN
28,Half trouser,CTN2,360,595,WHT
28,Half trouser,CTN2,360,595,BLK
28,Half trouser,CTN2,360,595,SKY
28,Half trouser,CTN2,360,595,ORG
28,Half trouser,CTN2,360,595,GRY
30,Half trouser,CTN2,380,625,RED
30,Half trouser,CTN2,380,625,GRN
30,Half trouser,CTN2,380,625,NVY
30,Half trouser,CTN2,380,625,MRN
30,Half trouser,CTN2,380,625,WHT
30,Half trouser,CTN2,380,625,BLK
30,Half trouser,CTN2,380,625,SKY
30,Half trouser,CTN2,380,625,ORG
30,Half trouser,CTN2,380,625,GRY
32,Half trouser,CTN2,390,645,RED
32,Half trouser,CTN2,390,645,GRN
32,Half trouser,CTN2,390,645,NVY
32,Half trouser,CTN2,390,645,MRN
32,Half trouser,CTN2,390,645,WHT
32,Half trouser,CTN2,390,645,BLK
32,Half trouser,CTN2,390,645,SKY
32,Half trouser,CTN2,390,645,ORG
32,Half trouser,CTN2,390,645,GRY
34,Half trouser,CTN2,410,665,RED
34,Half trouser,CTN2,410,665,GRN
34,Half trouser,CTN2,410,665,NVY
34,Half trouser,CTN2,410,665,MRN
34,Half trouser,CTN2,410,665,WHT
34,Half trouser,CTN2,410,665,BLK
34,Half trouser,CTN2,410,665,SKY
34,Half trouser,CTN2,410,665,ORG
34,Half trouser,CTN2,410,665,GRY
36,Half trouser,CTN2,430,685,RED
36,Half trouser,CTN2,430,685,GRN
36,Half trouser,CTN2,430,685,NVY
36,Half trouser,CTN2,430,685,MRN
36,Half trouser,CTN2,430,685,WHT
36,Half trouser,CTN2,430,685,BLK
36,Half trouser,CTN2,430,685,SKY
36,Half trouser,CTN2,430,685,ORG
36,Half trouser,CTN2,430,685,GRY
38,Half trouser,CTN2,450,705,RED
38,Half trouser,CTN2,450,705,GRN
38,Half trouser,CTN2,450,705,NVY
38,Half trouser,CTN2,450,705,MRN
38,Half trouser,CTN2,450,705,WHT
38,Half trouser,CTN2,450,705,BLK
38,Half trouser,CTN2,450,705,SKY
38,Half trouser,CTN2,450,705,ORG
38,Half trouser,CTN2,450,705,GRY
40,Half trouser,CTN2,470,715,RED
40,Half trouser,CTN2,470,715,GRN
40,Half trouser,CTN2,470,715,NVY
40,Half trouser,CTN2,470,715,MRN
40,Half trouser,CTN2,470,715,WHT
40,Half trouser,CTN2,470,715,BLK
40,Half trouser,CTN2,470,715,SKY
40,Half trouser,CTN2,470,715,ORG
40,Half trouser,CTN2,470,715,GRY
26,Full trouser,CTN1,340,560,RED
26,Full trouser,CTN1,340,560,GRN
26,Full trouser,CTN1,340,560,NVY
26,Full trouser,CTN1,340,560,MRN
26,Full trouser,CTN1,340,560,WHT
26,Full trouser,CTN1,340,560,BLK
26,Full trouser,CTN1,340,560,SKY
26,Full trouser,CTN1,340,560,ORG
26,Full trouser,CTN1,340,560,GRY
28,Full trouser,CTN1,360,590,RED
28,Full trouser,CTN1,360,590,GRN
28,Full trouser,CTN1,360,590,NVY
28,Full trouser,CTN1,360,590,MRN
28,Full trouser,CTN1,360,590,WHT
28,Full trouser,CTN1,360,590,BLK
28,Full trouser,CTN1,360,590,SKY
28,Full trouser,CTN1,360,590,ORG
28,Full trouser,CTN1,360,590,GRY
30,Full trouser,CTN1,380,620,RED
30,Full trouser,CTN1,380,620,GRN
30,Full trouser,CTN1,380,620,NVY
30,Full trouser,CTN1,380,620,MRN
30,Full trouser,CTN1,380,620,WHT
30,Full trouser,CTN1,380,620,BLK
30,Full trouser,CTN1,380,620,SKY
30,Full trouser,CTN1,380,620,ORG
30,Full trouser,CTN1,380,620,GRY
32,Full trouser,CTN1,390,640,RED
32,Full trouser,CTN1,390,640,GRN
32,Full trouser,CTN1,390,640,NVY
32,Full trouser,CTN1,390,640,MRN
32,Full trouser,CTN1,390,640,WHT
32,Full trouser,CTN1,390,640,BLK
32,Full trouser,CTN1,390,640,SKY
32,Full trouser,CTN1,390,640,ORG
32,Full trouser,CTN1,390,640,GRY
34,Full trouser,CTN1,410,660,RED
34,Full trouser,CTN1,410,660,GRN
34,Full trouser,CTN1,410,660,NVY
34,Full trouser,CTN1,410,660,MRN
34,Full trouser,CTN1,410,660,WHT
34,Full trouser,CTN1,410,660,BLK
34,Full trouser,CTN1,410,660,SKY
34,Full trouser,CTN1,410,660,ORG
34,Full trouser,CTN1,410,660,GRY
36,Full trouser,CTN1,430,680,RED
36,Full trouser,CTN1,430,680,GRN
36,Full trouser,CTN1,430,680,NVY
36,Full trouser,CTN1,430,680,MRN
36,Full trouser,CTN1,430,680,WHT
36,Full trouser,CTN1,430,680,BLK
36,Full trouser,CTN1,430,680,SKY
36,Full trouser,CTN1,430,680,ORG
36,Full trouser,CTN1,430,680,GRY
38,Full trouser,CTN1,450,700,RED
38,Full trouser,CTN1,450,700,GRN
38,Full trouser,CTN1,450,700,NVY
38,Full trouser,CTN1,450,700,MRN
38,Full trouser,CTN1,450,700,WHT
38,Full trouser,CTN1,450,700,BLK
38,Full trouser,CTN1,450,700,SKY
38,Full trouser,CTN1,450,700,ORG
38,Full trouser,CTN1,450,700,GRY
40,Full trouser,CTN1,470,710,RED
40,Full trouser,CTN1,470,710,GRN
40,Full trouser,CTN1,470,710,NVY
40,Full trouser,CTN1,470,710,MRN
40,Full trouser,CTN1,470,710,WHT
40,Full trouser,CTN1,470,710,BLK
40,Full trouser,CTN1,470,710,SKY
40,Full trouser,CTN1,470,710,ORG
40,Full trouser,CTN1,470,710,GRY
26,Full trouser,CTN2,340,565,RED
26,Full trouser,CTN2,340,565,GRN
26,Full trouser,CTN2,340,565,NVY
26,Full trouser,CTN2,340,565,MRN
26,Full trouser,CTN2,340,565,WHT
26,Full trouser,CTN2,340,565,BLK
26,Full trouser,CTN2,340,565,SKY
26,Full trouser,CTN2,340,565,ORG
26,Full trouser,CTN2,340,565,GRY
28,Full trouser,CTN2,360,595,RED
28,Full trouser,CTN2,360,595,GRN
28,Full trouser,CTN2,360,595,NVY
28,Full trouser,CTN2,360,595,MRN
28,Full trouser,CTN2,360,595,WHT
28,Full trouser,CTN2,360,595,BLK
28,Full trouser,CTN2,360,595,SKY
28,Full trouser,CTN2,360,595,ORG
28,Full trouser,CTN2,360,595,GRY
30,Full trouser,CTN2,380,625,RED
30,Full trouser,CTN2,380,625,GRN
30,Full trouser,CTN2,380,625,NVY
30,Full trouser,CTN2,380,625,MRN
30,Full trouser,CTN2,380,625,WHT
30,Full trouser,CTN2,380,625,BLK
30,Full trouser,CTN2,380,625,SKY
30,Full trouser,CTN2,380,625,ORG
30,Full trouser,CTN2,380,625,GRY
32,Full trouser,CTN2,390,645,RED
32,Full trouser,CTN2,390,645,GRN
32,Full trouser,CTN2,390,645,NVY
32,Full trouser,CTN2,390,645,MRN
32,Full trouser,CTN2,390,645,WHT
32,Full trouser,CTN2,390,645,BLK
32,Full trouser,CTN2,390,645,SKY
32,Full trouser,CTN2,390,645,ORG
32,Full trouser,CTN2,390,645,GRY
34,Full trouser,CTN2,410,665,RED
34,Full trouser,CTN2,410,665,GRN
34,Full trouser,CTN2,410,665,NVY
34,Full trouser,CTN2,410,665,MRN
34,Full trouser,CTN2,410,665,WHT
34,Full trouser,CTN2,410,665,BLK
34,Full trouser,CTN2,410,665,SKY
34,Full trouser,CTN2,410,665,ORG
34,Full trouser,CTN2,410,665,GRY
36,Full trouser,CTN2,430,685,RED
36,Full trouser,CTN2,430,685,GRN
36,Full trouser,CTN2,430,685,NVY
36,Full trouser,CTN2,430,685,MRN
36,Full trouser,CTN2,430,685,WHT
36,Full trouser,CTN2,430,685,BLK
36,Full trouser,CTN2,430,685,SKY
36,Full trouser,CTN2,430,685,ORG
36,Full trouser,CTN2,430,685,GRY
38,Full trouser,CTN2,450,705,RED
38,Full trouser,CTN2,450,705,GRN
38,Full trouser,CTN2,450,705,NVY
38,Full trouser,CTN2,450,705,MRN
38,Full trouser,CTN2,450,705,WHT
38,Full trouser,CTN2,450,705,BLK
38,Full trouser,CTN2,450,705,SKY
38,Full trouser,CTN2,450,705,ORG
38,Full trouser,CTN2,450,705,GRY
40,Full trouser,CTN2,470,715,RED
40,Full trouser,CTN2,470,715,GRN
40,Full trouser,CTN2,470,715,NVY
40,Full trouser,CTN2,470,715,MRN
40,Full trouser,CTN2,470,715,WHT
40,Full trouser,CTN2,470,715,BLK
40,Full trouser,CTN2,470,715,SKY
40,Full trouser,CTN2,470,715,ORG
40,Full trouser,CTN2,470,715,GRY
26,Skirt,CTN1,350,560,RED
26,Skirt,CTN1,350,560,GRN
26,Skirt,CTN1,350,560,NVY
26,Skirt,CTN1,350,560,MRN
26,Skirt,CTN1,350,560,WHT
26,Skirt,CTN1,350,560,BLK
26,Skirt,CTN1,350,560,SKY
26,Skirt,CTN1,350,560,ORG
26,Skirt,CTN1,350,560,GRY
28,Skirt,CTN1,360,580,RED
28,Skirt,CTN1,360,580,GRN
28,Skirt,CTN1,360,580,NVY
28,Skirt,CTN1,360,580,MRN
28,Skirt,CTN1,360,580,WHT
28,Skirt,CTN1,360,580,BLK
28,Skirt,CTN1,360,580,SKY
28,Skirt,CTN1,360,580,ORG
28,Skirt,CTN1,360,580,GRY
30,Skirt,CTN1,375,600,RED
30,Skirt,CTN1,375,600,GRN
30,Skirt,CTN1,375,600,NVY
30,Skirt,CTN1,375,600,MRN
30,Skirt,CTN1,375,600,WHT
30,Skirt,CTN1,375,600,BLK
30,Skirt,CTN1,375,600,SKY
30,Skirt,CTN1,375,600,ORG
30,Skirt,CTN1,375,600,GRY
32,Skirt,CTN1,387,610,RED
32,Skirt,CTN1,387,610,GRN
32,Skirt,CTN1,387,610,NVY
32,Skirt,CTN1,387,610,MRN
32,Skirt,CTN1,387,610,WHT
32,Skirt,CTN1,387,610,BLK
32,Skirt,CTN1,387,610,SKY
32,Skirt,CTN1,387,610,ORG
32,Skirt,CTN1,387,610,GRY
34,Skirt,CTN1,395,640,RED
34,Skirt,CTN1,395,640,GRN
34,Skirt,CTN1,395,640,NVY
34,Skirt,CTN1,395,640,MRN
34,Skirt,CTN1,395,640,WHT
34,Skirt,CTN1,395,640,BLK
34,Skirt,CTN1,395,640,SKY
34,Skirt,CTN1,395,640,ORG
34,Skirt,CTN1,395,640,GRY
36,Skirt,CTN1,395,650,RED
36,Skirt,CTN1,395,650,GRN
36,Skirt,CTN1,395,650,NVY
36,Skirt,CTN1,395,650,MRN
36,Skirt,CTN1,395,650,WHT
36,Skirt,CTN1,395,650,BLK
36,Skirt,CTN1,395,650,SKY
36,Skirt,CTN1,395,650,ORG
36,Skirt,CTN1,395,650,GRY
38,Skirt,CTN1,402,670,RED
38,Skirt,CTN1,402,670,GRN
38,Skirt,CTN1,402,670,NVY
38,Skirt,CTN1,402,670,MRN
38,Skirt,CTN1,402,670,WHT
38,Skirt,CTN1,402,670,BLK
38,Skirt,CTN1,402,670,SKY
38,Skirt,CTN1,402,670,ORG
38,Skirt,CTN1,402,670,GRY
40,Skirt,CTN1,420,690,RED
40,Skirt,CTN1,420,690,GRN
40,Skirt,CTN1,420,690,NVY
40,Skirt,CTN1,420,690,MRN
40,Skirt,CTN1,420,690,WHT
40,Skirt,CTN1,420,690,BLK
40,Skirt,CTN1,420,690,SKY
40,Skirt,CTN1,420,690,ORG
40,Skirt,CTN1,420,690,GRY
26,Skirt,CTN2,350,560,RED
26,Skirt,CTN2,350,560,GRN
26,Skirt,CTN2,350,560,NVY
26,Skirt,CTN2,350,560,MRN
26,Skirt,CTN2,350,560,WHT
26,Skirt,CTN2,350,560,BLK
26,Skirt,CTN2,350,560,SKY
26,Skirt,CTN2,350,560,ORG
26,Skirt,CTN2,350,560,GRY
28,Skirt,CTN2,360,580,RED
28,Skirt,CTN2,360,580,GRN
28,Skirt,CTN2,360,580,NVY
28,Skirt,CTN2,360,580,MRN
28,Skirt,CTN2,360,580,WHT
28,Skirt,CTN2,360,580,BLK
28,Skirt,CTN2,360,580,SKY
28,Skirt,CTN2,360,580,ORG
28,Skirt,CTN2,360,580,GRY
30,Skirt,CTN2,375,600,RED
30,Skirt,CTN2,375,600,GRN
30,Skirt,CTN2,375,600,NVY
30,Skirt,CTN2,375,600,MRN
30,Skirt,CTN2,375,600,WHT
30,Skirt,CTN2,375,600,BLK
30,Skirt,CTN2,375,600,SKY
30,Skirt,CTN2,375,600,ORG
30,Skirt,CTN2,375,600,GRY
32,Skirt,CTN2,387,610,RED
32,Skirt,CTN2,387,610,GRN
32,Skirt,CTN2,387,610,NVY
32,Skirt,CTN2,387,610,MRN
32,Skirt,CTN2,387,610,WHT
32,Skirt,CTN2,387,610,BLK
32,Skirt,CTN2,387,610,SKY
32,Skirt,CTN2,387,610,ORG
32,Skirt,CTN2,387,610,GRY
34,Skirt,CTN2,395,640,RED
34,Skirt,CTN2,395,640,GRN
34,Skirt,CTN2,395,640,NVY
34,Skirt,CTN2,395,640,MRN
34,Skirt,CTN2,395,640,WHT
34,Skirt,CTN2,395,640,BLK
34,Skirt,CTN2,395,640,SKY
34,Skirt,CTN2,395,640,ORG
34,Skirt,CTN2,395,640,GRY
36,Skirt,CTN2,395,650,RED
36,Skirt,CTN2,395,650,GRN
36,Skirt,CTN2,395,650,NVY
36,Skirt,CTN2,395,650,MRN
36,Skirt,CTN2,395,650,WHT
36,Skirt,CTN2,395,650,BLK
36,Skirt,CTN2,395,650,SKY
36,Skirt,CTN2,395,650,ORG
36,Skirt,CTN2,395,650,GRY
38,Skirt,CTN2,402,670,RED
38,Skirt,CTN2,402,670,GRN
38,Skirt,CTN2,402,670,NVY
38,Skirt,CTN2,402,670,MRN
38,Skirt,CTN2,402,670,WHT
38,Skirt,CTN2,402,670,BLK
38,Skirt,CTN2,402,670,SKY
38,Skirt,CTN2,402,670,ORG
38,Skirt,CTN2,402,670,GRY
40,Skirt,CTN2,420,690,RED
40,Skirt,CTN2,420,690,GRN
40,Skirt,CTN2,420,690,NVY
40,Skirt,CTN2,420,690,MRN
40,Skirt,CTN2,420,690,WHT
40,Skirt,CTN2,420,690,BLK
40,Skirt,CTN2,420,690,SKY
40,Skirt,CTN2,420,690,ORG
40,Skirt,CTN2,420,690,GRY
26,Jumper trousers,CTN1,385,520,RED
26,Jumper trousers,CTN1,385,520,GRN
26,Jumper trousers,CTN1,385,520,NVY
26,Jumper trousers,CTN1,385,520,MRN
26,Jumper trousers,CTN1,385,520,WHT
26,Jumper trousers,CTN1,385,520,BLK
26,Jumper trousers,CTN1,385,520,SKY
26,Jumper trousers,CTN1,385,520,ORG
26,Jumper trousers,CTN1,385,520,GRY
28,Jumper trousers,CTN1,470,560,RED
28,Jumper trousers,CTN1,470,560,GRN
28,Jumper trousers,CTN1,470,560,NVY
28,Jumper trousers,CTN1,470,560,MRN
28,Jumper trousers,CTN1,470,560,WHT
28,Jumper trousers,CTN1,470,560,BLK
28,Jumper trousers,CTN1,470,560,SKY
28,Jumper trousers,CTN1,470,560,ORG
28,Jumper trousers,CTN1,470,560,GRY
30,Jumper trousers,CTN1,490,580,RED
30,Jumper trousers,CTN1,490,580,GRN
30,Jumper trousers,CTN1,490,580,NVY
30,Jumper trousers,CTN1,490,580,MRN
30,Jumper trousers,CTN1,490,580,WHT
30,Jumper trousers,CTN1,490,580,BLK
30,Jumper trousers,CTN1,490,580,SKY
30,Jumper trousers,CTN1,490,580,ORG
30,Jumper trousers,CTN1,490,580,GRY
32,Jumper trousers,CTN1,505,610,RED
32,Jumper trousers,CTN1,505,610,GRN
32,Jumper trousers,CTN1,505,610,NVY
32,Jumper trousers,CTN1,505,610,MRN
32,Jumper trousers,CTN1,505,610,WHT
32,Jumper trousers,CTN1,505,610,BLK
32,Jumper trousers,CTN1,505,610,SKY
32,Jumper trousers,CTN1,505,610,ORG
32,Jumper trousers,CTN1,505,610,GRY
34,Jumper trousers,CTN1,0,0,RED
34,Jumper trousers,CTN1,0,0,GRN
34,Jumper trousers,CTN1,0,0,NVY
34,Jumper trousers,CTN1,0,0,MRN
34,Jumper trousers,CTN1,0,0,WHT
34,Jumper trousers,CTN1,0,0,BLK
34,Jumper trousers,CTN1,0,0,SKY
34,Jumper trousers,CTN1,0,0,ORG
34,Jumper trousers,CTN1,0,0,GRY
36,Jumper trousers,CTN1,0,0,RED
36,Jumper trousers,CTN1,0,0,GRN
36,Jumper trousers,CTN1,0,0,NVY
36,Jumper trousers,CTN1,0,0,MRN
36,Jumper trousers,CTN1,0,0,WHT
36,Jumper trousers,CTN1,0,0,BLK
36,Jumper trousers,CTN1,0,0,SKY
36,Jumper trousers,CTN1,0,0,ORG
36,Jumper trousers,CTN1,0,0,GRY
38,Jumper trousers,CTN1,0,0,RED
38,Jumper trousers,CTN1,0,0,GRN
38,Jumper trousers,CTN1,0,0,NVY
38,Jumper trousers,CTN1,0,0,MRN
38,Jumper trousers,CTN1,0,0,WHT
38,Jumper trousers,CTN1,0,0,BLK
38,Jumper trousers,CTN1,0,0,SKY
38,Jumper trousers,CTN1,0,0,ORG
38,Jumper trousers,CTN1,0,0,GRY
40,Jumper trousers,CTN1,0,0,RED
40,Jumper trousers,CTN1,0,0,GRN
40,Jumper trousers,CTN1,0,0,NVY
40,Jumper trousers,CTN1,0,0,MRN
40,Jumper trousers,CTN1,0,0,WHT
40,Jumper trousers,CTN1,0,0,BLK
40,Jumper trousers,CTN1,0,0,SKY
40,Jumper trousers,CTN1,0,0,ORG
40,Jumper trousers,CTN1,0,0,GRY
26,Jumper skirts,CTN2,385,520,RED
26,Jumper skirts,CTN2,385,520,GRN
26,Jumper skirts,CTN2,385,520,NVY
26,Jumper skirts,CTN2,385,520,MRN
26,Jumper skirts,CTN2,385,520,WHT
26,Jumper skirts,CTN2,385,520,BLK
26,Jumper skirts,CTN2,385,520,SKY
26,Jumper skirts,CTN2,385,520,ORG
26,Jumper skirts,CTN2,385,520,GRY
28,Jumper skirts,CTN2,470,560,RED
28,Jumper skirts,CTN2,470,560,GRN
28,Jumper skirts,CTN2,470,560,NVY
28,Jumper skirts,CTN2,470,560,MRN
28,Jumper skirts,CTN2,470,560,WHT
28,Jumper skirts,CTN2,470,560,BLK
28,Jumper skirts,CTN2,470,560,SKY
28,Jumper skirts,CTN2,470,560,ORG
28,Jumper skirts,CTN2,470,560,GRY
30,Jumper skirts,CTN2,490,580,RED
30,Jumper skirts,CTN2,490,580,GRN
30,Jumper skirts,CTN2,490,580,NVY
30,Jumper skirts,CTN2,490,580,MRN
30,Jumper skirts,CTN2,490,580,WHT
30,Jumper skirts,CTN2,490,580,BLK
30,Jumper skirts,CTN2,490,580,SKY
30,Jumper skirts,CTN2,490,580,ORG
30,Jumper skirts,CTN2,490,580,GRY
32,Jumper skirts,CTN2,505,610,RED
32,Jumper skirts,CTN2,505,610,GRN
32,Jumper skirts,CTN2,505,610,NVY
32,Jumper skirts,CTN2,505,610,MRN
32,Jumper skirts,CTN2,505,610,WHT
32,Jumper skirts,CTN2,505,610,BLK
32,Jumper skirts,CTN2,505,610,SKY
32,Jumper skirts,CTN2,505,610,ORG
32,Jumper skirts,CTN2,505,610,GRY
34,Jumper skirts,CTN2,0,0,RED
34,Jumper skirts,CTN2,0,0,GRN
34,Jumper skirts,CTN2,0,0,NVY
34,Jumper skirts,CTN2,0,0,MRN
34,Jumper skirts,CTN2,0,0,WHT
34,Jumper skirts,CTN2,0,0,BLK
34,Jumper skirts,CTN2,0,0,SKY
34,Jumper skirts,CTN2,0,0,ORG
34,Jumper skirts,CTN2,0,0,GRY
36,Jumper skirts,CTN2,0,0,RED
36,Jumper skirts,CTN2,0,0,GRN
36,Jumper skirts,CTN2,0,0,NVY
36,Jumper skirts,CTN2,0,0,MRN
36,Jumper skirts,CTN2,0,0,WHT
36,Jumper skirts,CTN2,0,0,BLK
36,Jumper skirts,CTN2,0,0,SKY
36,Jumper skirts,CTN2,0,0,ORG
36,Jumper skirts,CTN2,0,0,GRY
38,Jumper skirts,CTN2,0,0,RED
38,Jumper skirts,CTN2,0,0,GRN
38,Jumper skirts,CTN2,0,0,NVY
38,Jumper skirts,CTN2,0,0,MRN
38,Jumper skirts,CTN2,0,0,WHT
38,Jumper skirts,CTN2,0,0,BLK
38,Jumper skirts,CTN2,0,0,SKY
38,Jumper skirts,CTN2,0,0,ORG
38,Jumper skirts,CTN2,0,0,GRY
40,Jumper skirts,CTN2,0,0,RED
40,Jumper skirts,CTN2,0,0,GRN
40,Jumper skirts,CTN2,0,0,NVY
40,Jumper skirts,CTN2,0,0,MRN
40,Jumper skirts,CTN2,0,0,WHT
40,Jumper skirts,CTN2,0,0,BLK
40,Jumper skirts,CTN2,0,0,SKY
40,Jumper skirts,CTN2,0,0,ORG
40,Jumper skirts,CTN2,0,0,GRY
26,Half Sweater,LCRW,510,750,RED
26,Half Sweater,LCRW,510,750,GRN
26,Half Sweater,LCRW,510,750,NVY
26,Half Sweater,LCRW,510,750,MRN
26,Half Sweater,LCRW,510,750,WHT
26,Half Sweater,LCRW,510,750,BLK
26,Half Sweater,LCRW,510,750,SKY
26,Half Sweater,LCRW,510,750,ORG
26,Half Sweater,LCRW,510,750,GRY
28,Half Sweater,LCRW,520,780,RED
28,Half Sweater,LCRW,520,780,GRN
28,Half Sweater,LCRW,520,780,NVY
28,Half Sweater,LCRW,520,780,MRN
28,Half Sweater,LCRW,520,780,WHT
28,Half Sweater,LCRW,520,780,BLK
28,Half Sweater,LCRW,520,780,SKY
28,Half Sweater,LCRW,520,780,ORG
28,Half Sweater,LCRW,520,780,GRY
30,Half Sweater,LCRW,540,810,RED
30,Half Sweater,LCRW,540,810,GRN
30,Half Sweater,LCRW,540,810,NVY
30,Half Sweater,LCRW,540,810,MRN
30,Half Sweater,LCRW,540,810,WHT
30,Half Sweater,LCRW,540,810,BLK
30,Half Sweater,LCRW,540,810,SKY
30,Half Sweater,LCRW,540,810,ORG
30,Half Sweater,LCRW,540,810,GRY
32,Half Sweater,LCRW,560,820,RED
32,Half Sweater,LCRW,560,820,GRN
32,Half Sweater,LCRW,560,820,NVY
32,Half Sweater,LCRW,560,820,MRN
32,Half Sweater,LCRW,560,820,WHT
32,Half Sweater,LCRW,560,820,BLK
32,Half Sweater,LCRW,560,820,SKY
32,Half Sweater,LCRW,560,820,ORG
32,Half Sweater,LCRW,560,820,GRY
34,Half Sweater,LCRW,580,840,RED
34,Half Sweater,LCRW,580,840,GRN
34,Half Sweater,LCRW,580,840,NVY
34,Half Sweater,LCRW,580,840,MRN
34,Half Sweater,LCRW,580,840,WHT
34,Half Sweater,LCRW,580,840,BLK
34,Half Sweater,LCRW,580,840,SKY
34,Half Sweater,LCRW,580,840,ORG
34,Half Sweater,LCRW,580,840,GRY
36,Half Sweater,LCRW,600,860,RED
36,Half Sweater,LCRW,600,860,GRN
36,Half Sweater,LCRW,600,860,NVY
36,Half Sweater,LCRW,600,860,MRN
36,Half Sweater,LCRW,600,860,WHT
36,Half Sweater,LCRW,600,860,BLK
36,Half Sweater,LCRW,600,860,SKY
36,Half Sweater,LCRW,600,860,ORG
36,Half Sweater,LCRW,600,860,GRY
38,Half Sweater,LCRW,620,890,RED
38,Half Sweater,LCRW,620,890,GRN
38,Half Sweater,LCRW,620,890,NVY
38,Half Sweater,LCRW,620,890,MRN
38,Half Sweater,LCRW,620,890,WHT
38,Half Sweater,LCRW,620,890,BLK
38,Half Sweater,LCRW,620,890,SKY
38,Half Sweater,LCRW,620,890,ORG
38,Half Sweater,LCRW,620,890,GRY
40,Half Sweater,LCRW,635,910,RED
40,Half Sweater,LCRW,635,910,GRN
40,Half Sweater,LCRW,635,910,NVY
40,Half Sweater,LCRW,635,910,MRN
40,Half Sweater,LCRW,635,910,WHT
40,Half Sweater,LCRW,635,910,BLK
40,Half Sweater,LCRW,635,910,SKY
40,Half Sweater,LCRW,635,910,ORG
40,Half Sweater,LCRW,635,910,GRY
26,Half Sweater,SPNW,510,750,RED
26,Half Sweater,SPNW,510,750,GRN
26,Half Sweater,SPNW,510,750,NVY
26,Half Sweater,SPNW,510,750,MRN
26,Half Sweater,SPNW,510,750,WHT
26,Half Sweater,SPNW,510,750,BLK
26,Half Sweater,SPNW,510,750,SKY
26,Half Sweater,SPNW,510,750,ORG
26,Half Sweater,SPNW,510,750,GRY
28,Half Sweater,SPNW,520,780,RED
28,Half Sweater,SPNW,520,780,GRN
28,Half Sweater,SPNW,520,780,NVY
28,Half Sweater,SPNW,520,780,MRN
28,Half Sweater,SPNW,520,780,WHT
28,Half Sweater,SPNW,520,780,BLK
28,Half Sweater,SPNW,520,780,SKY
28,Half Sweater,SPNW,520,780,ORG
28,Half Sweater,SPNW,520,780,GRY
30,Half Sweater,SPNW,540,810,RED
30,Half Sweater,SPNW,540,810,GRN
30,Half Sweater,SPNW,540,810,NVY
30,Half Sweater,SPNW,540,810,MRN
30,Half Sweater,SPNW,540,810,WHT
30,Half Sweater,SPNW,540,810,BLK
30,Half Sweater,SPNW,540,810,SKY
30,Half Sweater,SPNW,540,810,ORG
30,Half Sweater,SPNW,540,810,GRY
32,Half Sweater,SPNW,560,820,RED
32,Half Sweater,SPNW,560,820,GRN
32,Half Sweater,SPNW,560,820,NVY
32,Half Sweater,SPNW,560,820,MRN
32,Half Sweater,SPNW,560,820,WHT
32,Half Sweater,SPNW,560,820,BLK
32,Half Sweater,SPNW,560,820,SKY
32,Half Sweater,SPNW,560,820,ORG
32,Half Sweater,SPNW,560,820,GRY
34,Half Sweater,SPNW,580,840,RED
34,Half Sweater,SPNW,580,840,GRN
34,Half Sweater,SPNW,580,840,NVY
34,Half Sweater,SPNW,580,840,MRN
34,Half Sweater,SPNW,580,840,WHT
34,Half Sweater,SPNW,580,840,BLK
34,Half Sweater,SPNW,580,840,SKY
34,Half Sweater,SPNW,580,840,ORG
34,Half Sweater,SPNW,580,840,GRY
36,Half Sweater,SPNW,600,860,RED
36,Half Sweater,SPNW,600,860,GRN
36,Half Sweater,SPNW,600,860,NVY
36,Half Sweater,SPNW,600,860,MRN
36,Half Sweater,SPNW,600,860,WHT
36,Half Sweater,SPNW,600,860,BLK
36,Half Sweater,SPNW,600,860,SKY
36,Half Sweater,SPNW,600,860,ORG
36,Half Sweater,SPNW,600,860,GRY
38,Half Sweater,SPNW,620,890,RED
38,Half Sweater,SPNW,620,890,GRN
38,Half Sweater,SPNW,620,890,NVY
38,Half Sweater,SPNW,620,890,MRN
38,Half Sweater,SPNW,620,890,WHT
38,Half Sweater,SPNW,620,890,BLK
38,Half Sweater,SPNW,620,890,SKY
38,Half Sweater,SPNW,620,890,ORG
38,Half Sweater,SPNW,620,890,GRY
40,Half Sweater,SPNW,635,910,RED
40,Half Sweater,SPNW,635,910,GRN
40,Half Sweater,SPNW,635,910,NVY
40,Half Sweater,SPNW,635,910,MRN
40,Half Sweater,SPNW,635,910,WHT
40,Half Sweater,SPNW,635,910,BLK
40,Half Sweater,SPNW,635,910,SKY
40,Half Sweater,SPNW,635,910,ORG
40,Half Sweater,SPNW,635,910,GRY
26,Full sweater,LCRW,570,850,RED
26,Full sweater,LCRW,570,850,GRN
26,Full sweater,LCRW,570,850,NVY
26,Full sweater,LCRW,570,850,MRN
26,Full sweater,LCRW,570,850,WHT
26,Full sweater,LCRW,570,850,BLK
26,Full sweater,LCRW,570,850,SKY
26,Full sweater,LCRW,570,850,ORG
26,Full sweater,LCRW,570,850,GRY
28,Full sweater,LCRW,590,880,RED
28,Full sweater,LCRW,590,880,GRN
28,Full sweater,LCRW,590,880,NVY
28,Full sweater,LCRW,590,880,MRN
28,Full sweater,LCRW,590,880,WHT
28,Full sweater,LCRW,590,880,BLK
28,Full sweater,LCRW,590,880,SKY
28,Full sweater,LCRW,590,880,ORG
28,Full sweater,LCRW,590,880,GRY
30,Full sweater,LCRW,605,910,RED
30,Full sweater,LCRW,605,910,GRN
30,Full sweater,LCRW,605,910,NVY
30,Full sweater,LCRW,605,910,MRN
30,Full sweater,LCRW,605,910,WHT
30,Full sweater,LCRW,605,910,BLK
30,Full sweater,LCRW,605,910,SKY
30,Full sweater,LCRW,605,910,ORG
30,Full sweater,LCRW,605,910,GRY
32,Full sweater,LCRW,625,930,RED
32,Full sweater,LCRW,625,930,GRN
32,Full sweater,LCRW,625,930,NVY
32,Full sweater,LCRW,625,930,MRN
32,Full sweater,LCRW,625,930,WHT
32,Full sweater,LCRW,625,930,BLK
32,Full sweater,LCRW,625,930,SKY
32,Full sweater,LCRW,625,930,ORG
32,Full sweater,LCRW,625,930,GRY
34,Full sweater,LCRW,640,950,RED
34,Full sweater,LCRW,640,950,GRN
34,Full sweater,LCRW,640,950,NVY
34,Full sweater,LCRW,640,950,MRN
34,Full sweater,LCRW,640,950,WHT
34,Full sweater,LCRW,640,950,BLK
34,Full sweater,LCRW,640,950,SKY
34,Full sweater,LCRW,640,950,ORG
34,Full sweater,LCRW,640,950,GRY
36,Full sweater,LCRW,660,970,RED
36,Full sweater,LCRW,660,970,GRN
36,Full sweater,LCRW,660,970,NVY
36,Full sweater,LCRW,660,970,MRN
36,Full sweater,LCRW,660,970,WHT
36,Full sweater,LCRW,660,970,BLK
36,Full sweater,LCRW,660,970,SKY
36,Full sweater,LCRW,660,970,ORG
36,Full sweater,LCRW,660,970,GRY
38,Full sweater,LCRW,680,990,RED
38,Full sweater,LCRW,680,990,GRN
38,Full sweater,LCRW,680,990,NVY
38,Full sweater,LCRW,680,990,MRN
38,Full sweater,LCRW,680,990,WHT
38,Full sweater,LCRW,680,990,BLK
38,Full sweater,LCRW,680,990,SKY
38,Full sweater,LCRW,680,990,ORG
38,Full sweater,LCRW,680,990,GRY
40,Full sweater,LCRW,690,990,RED
40,Full sweater,LCRW,690,990,GRN
40,Full sweater,LCRW,690,990,NVY
40,Full sweater,LCRW,690,990,MRN
40,Full sweater,LCRW,690,990,WHT
40,Full sweater,LCRW,690,990,BLK
40,Full sweater,LCRW,690,990,SKY
40,Full sweater,LCRW,690,990,ORG
40,Full sweater,LCRW,690,990,GRY
26,Full sweater,SPNW,570,850,RED
26,Full sweater,SPNW,570,850,GRN
26,Full sweater,SPNW,570,850,NVY
26,Full sweater,SPNW,570,850,MRN
26,Full sweater,SPNW,570,850,WHT
26,Full sweater,SPNW,570,850,BLK
26,Full sweater,SPNW,570,850,SKY
26,Full sweater,SPNW,570,850,ORG
26,Full sweater,SPNW,570,850,GRY
28,Full sweater,SPNW,590,880,RED
28,Full sweater,SPNW,590,880,GRN
28,Full sweater,SPNW,590,880,NVY
28,Full sweater,SPNW,590,880,MRN
28,Full sweater,SPNW,590,880,WHT
28,Full sweater,SPNW,590,880,BLK
28,Full sweater,SPNW,590,880,SKY
28,Full sweater,SPNW,590,880,ORG
28,Full sweater,SPNW,590,880,GRY
30,Full sweater,SPNW,605,910,RED
30,Full sweater,SPNW,605,910,GRN
30,Full sweater,SPNW,605,910,NVY
30,Full sweater,SPNW,605,910,MRN
30,Full sweater,SPNW,605,910,WHT
30,Full sweater,SPNW,605,910,BLK
30,Full sweater,SPNW,605,910,SKY
30,Full sweater,SPNW,605,910,ORG
30,Full sweater,SPNW,605,910,GRY
32,Full sweater,SPNW,625,930,RED
32,Full sweater,SPNW,625,930,GRN
32,Full sweater,SPNW,625,930,NVY
32,Full sweater,SPNW,625,930,MRN
32,Full sweater,SPNW,625,930,WHT
32,Full sweater,SPNW,625,930,BLK
32,Full sweater,SPNW,625,930,SKY
32,Full sweater,SPNW,625,930,ORG
32,Full sweater,SPNW,625,930,GRY
34,Full sweater,SPNW,640,950,RED
34,Full sweater,SPNW,640,950,GRN
34,Full sweater,SPNW,640,950,NVY
34,Full sweater,SPNW,640,950,MRN
34,Full sweater,SPNW,640,950,WHT
34,Full sweater,SPNW,640,950,BLK
34,Full sweater,SPNW,640,950,SKY
34,Full sweater,SPNW,640,950,ORG
34,Full sweater,SPNW,640,950,GRY
36,Full sweater,SPNW,660,970,RED
36,Full sweater,SPNW,660,970,GRN
36,Full sweater,SPNW,660,970,NVY
36,Full sweater,SPNW,660,970,MRN
36,Full sweater,SPNW,660,970,WHT
36,Full sweater,SPNW,660,970,BLK
36,Full sweater,SPNW,660,970,SKY
36,Full sweater,SPNW,660,970,ORG
36,Full sweater,SPNW,660,970,GRY
38,Full sweater,SPNW,680,990,RED
38,Full sweater,SPNW,680,990,GRN
38,Full sweater,SPNW,680,990,NVY
38,Full sweater,SPNW,680,990,MRN
38,Full sweater,SPNW,680,990,WHT
38,Full sweater,SPNW,680,990,BLK
38,Full sweater,SPNW,680,990,SKY
38,Full sweater,SPNW,680,990,ORG
38,Full sweater,SPNW,680,990,GRY
40,Full sweater,SPNW,690,990,RED
40,Full sweater,SPNW,690,990,GRN
40,Full sweater,SPNW,690,990,NVY
40,Full sweater,SPNW,690,990,MRN
40,Full sweater,SPNW,690,990,WHT
40,Full sweater,SPNW,690,990,BLK
40,Full sweater,SPNW,690,990,SKY
40,Full sweater,SPNW,690,990,ORG
40,Full sweater,SPNW,690,990,GRY
26,Hooded sweatshirt,CTNW,610,910,RED
26,Hooded sweatshirt,CTNW,610,910,GRN
26,Hooded sweatshirt,CTNW,610,910,NVY
26,Hooded sweatshirt,CTNW,610,910,MRN
26,Hooded sweatshirt,CTNW,610,910,WHT
26,Hooded sweatshirt,CTNW,610,910,BLK
26,Hooded sweatshirt,CTNW,610,910,SKY
26,Hooded sweatshirt,CTNW,610,910,ORG
26,Hooded sweatshirt,CTNW,610,910,GRY
28,Hooded sweatshirt,CTNW,630,930,RED
28,Hooded sweatshirt,CTNW,630,930,GRN
28,Hooded sweatshirt,CTNW,630,930,NVY
28,Hooded sweatshirt,CTNW,630,930,MRN
28,Hooded sweatshirt,CTNW,630,930,WHT
28,Hooded sweatshirt,CTNW,630,930,BLK
28,Hooded sweatshirt,CTNW,630,930,SKY
28,Hooded sweatshirt,CTNW,630,930,ORG
28,Hooded sweatshirt,CTNW,630,930,GRY
30,Hooded sweatshirt,CTNW,640,950,RED
30,Hooded sweatshirt,CTNW,640,950,GRN
30,Hooded sweatshirt,CTNW,640,950,NVY
30,Hooded sweatshirt,CTNW,640,950,MRN
30,Hooded sweatshirt,CTNW,640,950,WHT
30,Hooded sweatshirt,CTNW,640,950,BLK
30,Hooded sweatshirt,CTNW,640,950,SKY
30,Hooded sweatshirt,CTNW,640,950,ORG
30,Hooded sweatshirt,CTNW,640,950,GRY
32,Hooded sweatshirt,CTNW,650,1050,RED
32,Hooded sweatshirt,CTNW,650,1050,GRN
32,Hooded sweatshirt,CTNW,650,1050,NVY
32,Hooded sweatshirt,CTNW,650,1050,MRN
32,Hooded sweatshirt,CTNW,650,1050,WHT
32,Hooded sweatshirt,CTNW,650,1050,BLK
32,Hooded sweatshirt,CTNW,650,1050,SKY
32,Hooded sweatshirt,CTNW,650,1050,ORG
32,Hooded sweatshirt,CTNW,650,1050,GRY
34,Hooded sweatshirt,CTNW,680,1100,RED
34,Hooded sweatshirt,CTNW,680,1100,GRN
34,Hooded sweatshirt,CTNW,680,1100,NVY
34,Hooded sweatshirt,CTNW,680,1100,MRN
34,Hooded sweatshirt,CTNW,680,1100,WHT
34,Hooded sweatshirt,CTNW,680,1100,BLK
34,Hooded sweatshirt,CTNW,680,1100,SKY
34,Hooded sweatshirt,CTNW,680,1100,ORG
34,Hooded sweatshirt,CTNW,680,1100,GRY
36,Hooded sweatshirt,CTNW,710,1340,RED
36,Hooded sweatshirt,CTNW,710,1340,GRN
36,Hooded sweatshirt,CTNW,710,1340,NVY
36,Hooded sweatshirt,CTNW,710,1340,MRN
36,Hooded sweatshirt,CTNW,710,1340,WHT
36,Hooded sweatshirt,CTNW,710,1340,BLK
36,Hooded sweatshirt,CTNW,710,1340,SKY
36,Hooded sweatshirt,CTNW,710,1340,ORG
36,Hooded sweatshirt,CTNW,710,1340,GRY
38,Hooded sweatshirt,CTNW,745,1430,RED
38,Hooded sweatshirt,CTNW,745,1430,GRN
38,Hooded sweatshirt,CTNW,745,1430,NVY
38,Hooded sweatshirt,CTNW,745,1430,MRN
38,Hooded sweatshirt,CTNW,745,1430,WHT
38,Hooded sweatshirt,CTNW,745,1430,BLK
38,Hooded sweatshirt,CTNW,745,1430,SKY
38,Hooded sweatshirt,CTNW,745,1430,ORG
38,Hooded sweatshirt,CTNW,745,1430,GRY
40,Hooded sweatshirt,CTNW,810,1555,RED
40,Hooded sweatshirt,CTNW,810,1555,GRN
40,Hooded sweatshirt,CTNW,810,1555,NVY
40,Hooded sweatshirt,CTNW,810,1555,MRN
40,Hooded sweatshirt,CTNW,810,1555,WHT
40,Hooded sweatshirt,CTNW,810,1555,BLK
40,Hooded sweatshirt,CTNW,810,1555,SKY
40,Hooded sweatshirt,CTNW,810,1555,ORG
40,Hooded sweatshirt,CTNW,810,1555,GRY
26,Chained sweatshirt,CTNW,610,910,RED
26,Chained sweatshirt,CTNW,610,910,GRN
26,Chained sweatshirt,CTNW,610,910,NVY
26,Chained sweatshirt,CTNW,610,910,MRN
26,Chained sweatshirt,CTNW,610,910,WHT
26,Chained sweatshirt,CTNW,610,910,BLK
26,Chained sweatshirt,CTNW,610,910,SKY
26,Chained sweatshirt,CTNW,610,910,ORG
26,Chained sweatshirt,CTNW,610,910,GRY
28,Chained sweatshirt,CTNW,630,930,RED
28,Chained sweatshirt,CTNW,630,930,GRN
28,Chained sweatshirt,CTNW,630,930,NVY
28,Chained sweatshirt,CTNW,630,930,MRN
28,Chained sweatshirt,CTNW,630,930,WHT
28,Chained sweatshirt,CTNW,630,930,BLK
28,Chained sweatshirt,CTNW,630,930,SKY
28,Chained sweatshirt,CTNW,630,930,ORG
28,Chained sweatshirt,CTNW,630,930,GRY
30,Chained sweatshirt,CTNW,640,950,RED
30,Chained sweatshirt,CTNW,640,950,GRN
30,Chained sweatshirt,CTNW,640,950,NVY
30,Chained sweatshirt,CTNW,640,950,MRN
30,Chained sweatshirt,CTNW,640,950,WHT
30,Chained sweatshirt,CTNW,640,950,BLK
30,Chained sweatshirt,CTNW,640,950,SKY
30,Chained sweatshirt,CTNW,640,950,ORG
30,Chained sweatshirt,CTNW,640,950,GRY
32,Chained sweatshirt,CTNW,650,1050,RED
32,Chained sweatshirt,CTNW,650,1050,GRN
32,Chained sweatshirt,CTNW,650,1050,NVY
32,Chained sweatshirt,CTNW,650,1050,MRN
32,Chained sweatshirt,CTNW,650,1050,WHT
32,Chained sweatshirt,CTNW,650,1050,BLK
32,Chained sweatshirt,CTNW,650,1050,SKY
32,Chained sweatshirt,CTNW,650,1050,ORG
32,Chained sweatshirt,CTNW,650,1050,GRY
34,Chained sweatshirt,CTNW,680,1100,RED
34,Chained sweatshirt,CTNW,680,1100,GRN
34,Chained sweatshirt,CTNW,680,1100,NVY
34,Chained sweatshirt,CTNW,680,1100,MRN
34,Chained sweatshirt,CTNW,680,1100,WHT
34,Chained sweatshirt,CTNW,680,1100,BLK
34,Chained sweatshirt,CTNW,680,1100,SKY
34,Chained sweatshirt,CTNW,680,1100,ORG
34,Chained sweatshirt,CTNW,680,1100,GRY
36,Chained sweatshirt,CTNW,710,1340,RED
36,Chained sweatshirt,CTNW,710,1340,GRN
36,Chained sweatshirt,CTNW,710,1340,NVY
36,Chained sweatshirt,CTNW,710,1340,MRN
36,Chained sweatshirt,CTNW,710,1340,WHT
36,Chained sweatshirt,CTNW,710,1340,BLK
36,Chained sweatshirt,CTNW,710,1340,SKY
36,Chained sweatshirt,CTNW,710,1340,ORG
36,Chained sweatshirt,CTNW,710,1340,GRY
38,Chained sweatshirt,CTNW,745,1430,RED
38,Chained sweatshirt,CTNW,745,1430,GRN
38,Chained sweatshirt,CTNW,745,1430,NVY
38,Chained sweatshirt,CTNW,745,1430,MRN
38,Chained sweatshirt,CTNW,745,1430,WHT
38,Chained sweatshirt,CTNW,745,1430,BLK
38,Chained sweatshirt,CTNW,745,1430,SKY
38,Chained sweatshirt,CTNW,745,1430,ORG
38,Chained sweatshirt,CTNW,745,1430,GRY
40,Chained sweatshirt,CTNW,810,1555,RED
40,Chained sweatshirt,CTNW,810,1555,GRN
40,Chained sweatshirt,CTNW,810,1555,NVY
40,Chained sweatshirt,CTNW,810,1555,MRN
40,Chained sweatshirt,CTNW,810,1555,WHT
40,Chained sweatshirt,CTNW,810,1555,BLK
40,Chained sweatshirt,CTNW,810,1555,SKY
40,Chained sweatshirt,CTNW,810,1555,ORG
40,Chained sweatshirt,CTNW,810,1555,GRY
26,Blazer,JTEW,640,1100,RED
26,Blazer,JTEW,640,1100,GRN
26,Blazer,JTEW,640,1100,NVY
26,Blazer,JTEW,640,1100,MRN
26,Blazer,JTEW,640,1100,WHT
26,Blazer,JTEW,640,1100,BLK
26,Blazer,JTEW,640,1100,SKY
26,Blazer,JTEW,640,1100,ORG
26,Blazer,JTEW,640,1100,GRY
28,Blazer,JTEW,680,1300,RED
28,Blazer,JTEW,680,1300,GRN
28,Blazer,JTEW,680,1300,NVY
28,Blazer,JTEW,680,1300,MRN
28,Blazer,JTEW,680,1300,WHT
28,Blazer,JTEW,680,1300,BLK
28,Blazer,JTEW,680,1300,SKY
28,Blazer,JTEW,680,1300,ORG
28,Blazer,JTEW,680,1300,GRY
30,Blazer,JTEW,710,1560,RED
30,Blazer,JTEW,710,1560,GRN
30,Blazer,JTEW,710,1560,NVY
30,Blazer,JTEW,710,1560,MRN
30,Blazer,JTEW,710,1560,WHT
30,Blazer,JTEW,710,1560,BLK
30,Blazer,JTEW,710,1560,SKY
30,Blazer,JTEW,710,1560,ORG
30,Blazer,JTEW,710,1560,GRY
32,Blazer,JTEW,740,1630,RED
32,Blazer,JTEW,740,1630,GRN
32,Blazer,JTEW,740,1630,NVY
32,Blazer,JTEW,740,1630,MRN
32,Blazer,JTEW,740,1630,WHT
32,Blazer,JTEW,740,1630,BLK
32,Blazer,JTEW,740,1630,SKY
32,Blazer,JTEW,740,1630,ORG
32,Blazer,JTEW,740,1630,GRY
34,Blazer,JTEW,790,1755,RED
34,Blazer,JTEW,790,1755,GRN
34,Blazer,JTEW,790,1755,NVY
34,Blazer,JTEW,790,1755,MRN
34,Blazer,JTEW,790,1755,WHT
34,Blazer,JTEW,790,1755,BLK
34,Blazer,JTEW,790,1755,SKY
34,Blazer,JTEW,790,1755,ORG
34,Blazer,JTEW,790,1755,GRY
36,Blazer,JTEW,810,1840,RED
36,Blazer,JTEW,810,1840,GRN
36,Blazer,JTEW,810,1840,NVY
36,Blazer,JTEW,810,1840,MRN
36,Blazer,JTEW,810,1840,WHT
36,Blazer,JTEW,810,1840,BLK
36,Blazer,JTEW,810,1840,SKY
36,Blazer,JTEW,810,1840,ORG
36,Blazer,JTEW,810,1840,GRY
38,Blazer,JTEW,890,1930,RED
38,Blazer,JTEW,890,1930,GRN
38,Blazer,JTEW,890,1930,NVY
38,Blazer,JTEW,890,1930,MRN
38,Blazer,JTEW,890,1930,WHT
38,Blazer,JTEW,890,1930,BLK
38,Blazer,JTEW,890,1930,SKY
38,Blazer,JTEW,890,1930,ORG
38,Blazer,JTEW,890,1930,GRY
40,Blazer,JTEW,910,1999,RED
40,Blazer,JTEW,910,1999,GRN
40,Blazer,JTEW,910,1999,NVY
40,Blazer,JTEW,910,1999,MRN
40,Blazer,JTEW,910,1999,WHT
40,Blazer,JTEW,910,1999,BLK
40,Blazer,JTEW,910,1999,SKY
40,Blazer,JTEW,910,1999,ORG
40,Blazer,JTEW,910,1999,GRY
26,Sameej,CTN,290,430,WHT
26,Sameej,CTN,290,430,CRM
26,Sameej,CTN,290,430,CFE
26,Sameej,CTN,290,430,PIS
26,Sameej,CTN,290,430,SKY
28,Sameej,CTN,320,450,WHT
28,Sameej,CTN,320,450,CRM
28,Sameej,CTN,320,450,CFE
28,Sameej,CTN,320,450,PIS
28,Sameej,CTN,320,450,SKY
30,Sameej,CTN,350,470,WHT
30,Sameej,CTN,350,470,CRM
30,Sameej,CTN,350,470,CFE
30,Sameej,CTN,350,470,PIS
30,Sameej,CTN,350,470,SKY
32,Sameej,CTN,370,490,WHT
32,Sameej,CTN,370,490,CRM
32,Sameej,CTN,370,490,CFE
32,Sameej,CTN,370,490,PIS
32,Sameej,CTN,370,490,SKY
34,Sameej,CTN,390,510,WHT
34,Sameej,CTN,390,510,CRM
34,Sameej,CTN,390,510,CFE
34,Sameej,CTN,390,510,PIS
34,Sameej,CTN,390,510,SKY
36,Sameej,CTN,400,520,WHT
36,Sameej,CTN,400,520,CRM
36,Sameej,CTN,400,520,CFE
36,Sameej,CTN,400,520,PIS
36,Sameej,CTN,400,520,SKY
38,Sameej,CTN,420,540,WHT
38,Sameej,CTN,420,540,CRM
38,Sameej,CTN,420,540,CFE
38,Sameej,CTN,420,540,PIS
38,Sameej,CTN,420,540,SKY
40,Sameej,CTN,430,570,WHT
40,Sameej,CTN,430,570,CRM
40,Sameej,CTN,430,570,CFE
40,Sameej,CTN,430,570,PIS
40,Sameej,CTN,430,570,SKY
26,Sameej,TCT,270,420,WHT
26,Sameej,TCT,270,420,CRM
26,Sameej,TCT,270,420,CFE
26,Sameej,TCT,270,420,PIS
26,Sameej,TCT,270,420,SKY
28,Sameej,TCT,300,430,WHT
28,Sameej,TCT,300,430,CRM
28,Sameej,TCT,300,430,CFE
28,Sameej,TCT,300,430,PIS
28,Sameej,TCT,300,430,SKY
30,Sameej,TCT,330,450,WHT
30,Sameej,TCT,330,450,CRM
30,Sameej,TCT,330,450,CFE
30,Sameej,TCT,330,450,PIS
30,Sameej,TCT,330,450,SKY
32,Sameej,TCT,350,470,WHT
32,Sameej,TCT,350,470,CRM
32,Sameej,TCT,350,470,CFE
32,Sameej,TCT,350,470,PIS
32,Sameej,TCT,350,470,SKY
34,Sameej,TCT,370,490,WHT
34,Sameej,TCT,370,490,CRM
34,Sameej,TCT,370,490,CFE
34,Sameej,TCT,370,490,PIS
34,Sameej,TCT,370,490,SKY
36,Sameej,TCT,380,500,WHT
36,Sameej,TCT,380,500,CRM
36,Sameej,TCT,380,500,CFE
36,Sameej,TCT,380,500,PIS
36,Sameej,TCT,380,500,SKY
38,Sameej,TCT,400,520,WHT
38,Sameej,TCT,400,520,CRM
38,Sameej,TCT,400,520,CFE
38,Sameej,TCT,400,520,PIS
38,Sameej,TCT,400,520,SKY
40,Sameej,TCT,410,550,WHT
40,Sameej,TCT,410,550,CRM
40,Sameej,TCT,410,550,CFE
40,Sameej,TCT,410,550,PIS
40,Sameej,TCT,410,550,SKY
26,Salwar,CT1,340,560,RED
26,Salwar,CT1,340,560,GRN
26,Salwar,CT1,340,560,NVY
26,Salwar,CT1,340,560,MRN
26,Salwar,CT1,340,560,WHT
26,Salwar,CT1,340,560,BLK
26,Salwar,CT1,340,560,SKY
26,Salwar,CT1,340,560,ORG
26,Salwar,CT1,340,560,GRY
28,Salwar,CT1,360,590,RED
28,Salwar,CT1,360,590,GRN
28,Salwar,CT1,360,590,NVY
28,Salwar,CT1,360,590,MRN
28,Salwar,CT1,360,590,WHT
28,Salwar,CT1,360,590,BLK
28,Salwar,CT1,360,590,SKY
28,Salwar,CT1,360,590,ORG
28,Salwar,CT1,360,590,GRY
30,Salwar,CT1,380,620,RED
30,Salwar,CT1,380,620,GRN
30,Salwar,CT1,380,620,NVY
30,Salwar,CT1,380,620,MRN
30,Salwar,CT1,380,620,WHT
30,Salwar,CT1,380,620,BLK
30,Salwar,CT1,380,620,SKY
30,Salwar,CT1,380,620,ORG
30,Salwar,CT1,380,620,GRY
32,Salwar,CT1,390,640,RED
32,Salwar,CT1,390,640,GRN
32,Salwar,CT1,390,640,NVY
32,Salwar,CT1,390,640,MRN
32,Salwar,CT1,390,640,WHT
32,Salwar,CT1,390,640,BLK
32,Salwar,CT1,390,640,SKY
32,Salwar,CT1,390,640,ORG
32,Salwar,CT1,390,640,GRY
34,Salwar,CT1,410,660,RED
34,Salwar,CT1,410,660,GRN
34,Salwar,CT1,410,660,NVY
34,Salwar,CT1,410,660,MRN
34,Salwar,CT1,410,660,WHT
34,Salwar,CT1,410,660,BLK
34,Salwar,CT1,410,660,SKY
34,Salwar,CT1,410,660,ORG
34,Salwar,CT1,410,660,GRY
36,Salwar,CT1,430,680,RED
36,Salwar,CT1,430,680,GRN
36,Salwar,CT1,430,680,NVY
36,Salwar,CT1,430,680,MRN
36,Salwar,CT1,430,680,WHT
36,Salwar,CT1,430,680,BLK
36,Salwar,CT1,430,680,SKY
36,Salwar,CT1,430,680,ORG
36,Salwar,CT1,430,680,GRY
38,Salwar,CT1,450,700,RED
38,Salwar,CT1,450,700,GRN
38,Salwar,CT1,450,700,NVY
38,Salwar,CT1,450,700,MRN
38,Salwar,CT1,450,700,WHT
38,Salwar,CT1,450,700,BLK
38,Salwar,CT1,450,700,SKY
38,Salwar,CT1,450,700,ORG
38,Salwar,CT1,450,700,GRY
40,Salwar,CT1,470,710,RED
40,Salwar,CT1,470,710,GRN
40,Salwar,CT1,470,710,NVY
40,Salwar,CT1,470,710,MRN
40,Salwar,CT1,470,710,WHT
40,Salwar,CT1,470,710,BLK
40,Salwar,CT1,470,710,SKY
40,Salwar,CT1,470,710,ORG
40,Salwar,CT1,470,710,GRY
26,Salwar,CT2,340,565,RED
26,Salwar,CT2,340,565,GRN
26,Salwar,CT2,340,565,NVY
26,Salwar,CT2,340,565,MRN
26,Salwar,CT2,340,565,WHT
26,Salwar,CT2,340,565,BLK
26,Salwar,CT2,340,565,SKY
26,Salwar,CT2,340,565,ORG
26,Salwar,CT2,340,565,GRY
28,Salwar,CT2,360,595,RED
28,Salwar,CT2,360,595,GRN
28,Salwar,CT2,360,595,NVY
28,Salwar,CT2,360,595,MRN
28,Salwar,CT2,360,595,WHT
28,Salwar,CT2,360,595,BLK
28,Salwar,CT2,360,595,SKY
28,Salwar,CT2,360,595,ORG
28,Salwar,CT2,360,595,GRY
30,Salwar,CT2,380,625,RED
30,Salwar,CT2,380,625,GRN
30,Salwar,CT2,380,625,NVY
30,Salwar,CT2,380,625,MRN
30,Salwar,CT2,380,625,WHT
30,Salwar,CT2,380,625,BLK
30,Salwar,CT2,380,625,SKY
30,Salwar,CT2,380,625,ORG
30,Salwar,CT2,380,625,GRY
32,Salwar,CT2,390,645,RED
32,Salwar,CT2,390,645,GRN
32,Salwar,CT2,390,645,NVY
32,Salwar,CT2,390,645,MRN
32,Salwar,CT2,390,645,WHT
32,Salwar,CT2,390,645,BLK
32,Salwar,CT2,390,645,SKY
32,Salwar,CT2,390,645,ORG
32,Salwar,CT2,390,645,GRY
34,Salwar,CT2,410,665,RED
34,Salwar,CT2,410,665,GRN
34,Salwar,CT2,410,665,NVY
34,Salwar,CT2,410,665,MRN
34,Salwar,CT2,410,665,WHT
34,Salwar,CT2,410,665,BLK
34,Salwar,CT2,410,665,SKY
34,Salwar,CT2,410,665,ORG
34,Salwar,CT2,410,665,GRY
36,Salwar,CT2,430,685,RED
36,Salwar,CT2,430,685,GRN
36,Salwar,CT2,430,685,NVY
36,Salwar,CT2,430,685,MRN
36,Salwar,CT2,430,685,WHT
36,Salwar,CT2,430,685,BLK
36,Salwar,CT2,430,685,SKY
36,Salwar,CT2,430,685,ORG
36,Salwar,CT2,430,685,GRY
38,Salwar,CT2,450,705,RED
38,Salwar,CT2,450,705,GRN
38,Salwar,CT2,450,705,NVY
38,Salwar,CT2,450,705,MRN
38,Salwar,CT2,450,705,WHT
38,Salwar,CT2,450,705,BLK
38,Salwar,CT2,450,705,SKY
38,Salwar,CT2,450,705,ORG
38,Salwar,CT2,450,705,GRY
40,Salwar,CT2,470,715,RED
40,Salwar,CT2,470,715,GRN
40,Salwar,CT2,470,715,NVY
40,Salwar,CT2,470,715,MRN
40,Salwar,CT2,470,715,WHT
40,Salwar,CT2,470,715,BLK
40,Salwar,CT2,470,715,SKY
40,Salwar,CT2,470,715,ORG
40,Salwar,CT2,470,715,GRY
26,Half polo t-shirt (Girls),CTN,230,400,RED
26,Half polo t-shirt (Girls),CTN,230,400,GRN
26,Half polo t-shirt (Girls),CTN,230,400,NVY
26,Half polo t-shirt (Girls),CTN,230,400,MRN
26,Half polo t-shirt (Girls),CTN,230,400,WHT
26,Half polo t-shirt (Girls),CTN,230,400,BLK
26,Half polo t-shirt (Girls),CTN,230,400,SKY
26,Half polo t-shirt (Girls),CTN,230,400,ORG
26,Half polo t-shirt (Girls),CTN,230,400,GRY
28,Half polo t-shirt (Girls),CTN,270,420,RED
28,Half polo t-shirt (Girls),CTN,270,420,GRN
28,Half polo t-shirt (Girls),CTN,270,420,NVY
28,Half polo t-shirt (Girls),CTN,270,420,MRN
28,Half polo t-shirt (Girls),CTN,270,420,WHT
28,Half polo t-shirt (Girls),CTN,270,420,BLK
28,Half polo t-shirt (Girls),CTN,270,420,SKY
28,Half polo t-shirt (Girls),CTN,270,420,ORG
28,Half polo t-shirt (Girls),CTN,270,420,GRY
30,Half polo t-shirt (Girls),CTN,290,430,RED
30,Half polo t-shirt (Girls),CTN,290,430,GRN
30,Half polo t-shirt (Girls),CTN,290,430,NVY
30,Half polo t-shirt (Girls),CTN,290,430,MRN
30,Half polo t-shirt (Girls),CTN,290,430,WHT
30,Half polo t-shirt (Girls),CTN,290,430,BLK
30,Half polo t-shirt (Girls),CTN,290,430,SKY
30,Half polo t-shirt (Girls),CTN,290,430,ORG
30,Half polo t-shirt (Girls),CTN,290,430,GRY
32,Half polo t-shirt (Girls),CTN,310,450,RED
32,Half polo t-shirt (Girls),CTN,310,450,GRN
32,Half polo t-shirt (Girls),CTN,310,450,NVY
32,Half polo t-shirt (Girls),CTN,310,450,MRN
32,Half polo t-shirt (Girls),CTN,310,450,WHT
32,Half polo t-shirt (Girls),CTN,310,450,BLK
32,Half polo t-shirt (Girls),CTN,310,450,SKY
32,Half polo t-shirt (Girls),CTN,310,450,ORG
32,Half polo t-shirt (Girls),CTN,310,450,GRY
34,Half polo t-shirt (Girls),CTN,335,470,RED
34,Half polo t-shirt (Girls),CTN,335,470,GRN
34,Half polo t-shirt (Girls),CTN,335,470,NVY
34,Half polo t-shirt (Girls),CTN,335,470,MRN
34,Half polo t-shirt (Girls),CTN,335,470,WHT
34,Half polo t-shirt (Girls),CTN,335,470,BLK
34,Half polo t-shirt (Girls),CTN,335,470,SKY
34,Half polo t-shirt (Girls),CTN,335,470,ORG
34,Half polo t-shirt (Girls),CTN,335,470,GRY
36,Half polo t-shirt (Girls),CTN,335,480,RED
36,Half polo t-shirt (Girls),CTN,335,480,GRN
36,Half polo t-shirt (Girls),CTN,335,480,NVY
36,Half polo t-shirt (Girls),CTN,335,480,MRN
36,Half polo t-shirt (Girls),CTN,335,480,WHT
36,Half polo t-shirt (Girls),CTN,335,480,BLK
36,Half polo t-shirt (Girls),CTN,335,480,SKY
36,Half polo t-shirt (Girls),CTN,335,480,ORG
36,Half polo t-shirt (Girls),CTN,335,480,GRY
38,Half polo t-shirt (Girls),CTN,335,500,RED
38,Half polo t-shirt (Girls),CTN,335,500,GRN
38,Half polo t-shirt (Girls),CTN,335,500,NVY
38,Half polo t-shirt (Girls),CTN,335,500,MRN
38,Half polo t-shirt (Girls),CTN,335,500,WHT
38,Half polo t-shirt (Girls),CTN,335,500,BLK
38,Half polo t-shirt (Girls),CTN,335,500,SKY
38,Half polo t-shirt (Girls),CTN,335,500,ORG
38,Half polo t-shirt (Girls),CTN,335,500,GRY
40,Half polo t-shirt (Girls),CTN,340,530,RED
40,Half polo t-shirt (Girls),CTN,340,530,GRN
40,Half polo t-shirt (Girls),CTN,340,530,NVY
40,Half polo t-shirt (Girls),CTN,340,530,MRN
40,Half polo t-shirt (Girls),CTN,340,530,WHT
40,Half polo t-shirt (Girls),CTN,340,530,BLK
40,Half polo t-shirt (Girls),CTN,340,530,SKY
40,Half polo t-shirt (Girls),CTN,340,530,ORG
40,Half polo t-shirt (Girls),CTN,340,530,GRY
26,Half polo t-shirt (Girls),LCR,210,380,RED
26,Half polo t-shirt (Girls),LCR,210,380,GRN
26,Half polo t-shirt (Girls),LCR,210,380,NVY
26,Half polo t-shirt (Girls),LCR,210,380,MRN
26,Half polo t-shirt (Girls),LCR,210,380,WHT
26,Half polo t-shirt (Girls),LCR,210,380,BLK
26,Half polo t-shirt (Girls),LCR,210,380,SKY
26,Half polo t-shirt (Girls),LCR,210,380,ORG
26,Half polo t-shirt (Girls),LCR,210,380,GRY
28,Half polo t-shirt (Girls),LCR,240,390,RED
28,Half polo t-shirt (Girls),LCR,240,390,GRN
28,Half polo t-shirt (Girls),LCR,240,390,NVY
28,Half polo t-shirt (Girls),LCR,240,390,MRN
28,Half polo t-shirt (Girls),LCR,240,390,WHT
28,Half polo t-shirt (Girls),LCR,240,390,BLK
28,Half polo t-shirt (Girls),LCR,240,390,SKY
28,Half polo t-shirt (Girls),LCR,240,390,ORG
28,Half polo t-shirt (Girls),LCR,240,390,GRY
30,Half polo t-shirt (Girls),LCR,250,410,RED
30,Half polo t-shirt (Girls),LCR,250,410,GRN
30,Half polo t-shirt (Girls),LCR,250,410,NVY
30,Half polo t-shirt (Girls),LCR,250,410,MRN
30,Half polo t-shirt (Girls),LCR,250,410,WHT
30,Half polo t-shirt (Girls),LCR,250,410,BLK
30,Half polo t-shirt (Girls),LCR,250,410,SKY
30,Half polo t-shirt (Girls),LCR,250,410,ORG
30,Half polo t-shirt (Girls),LCR,250,410,GRY
32,Half polo t-shirt (Girls),LCR,260,450,RED
32,Half polo t-shirt (Girls),LCR,260,450,GRN
32,Half polo t-shirt (Girls),LCR,260,450,NVY
32,Half polo t-shirt (Girls),LCR,260,450,MRN
32,Half polo t-shirt (Girls),LCR,260,450,WHT
32,Half polo t-shirt (Girls),LCR,260,450,BLK
32,Half polo t-shirt (Girls),LCR,260,450,SKY
32,Half polo t-shirt (Girls),LCR,260,450,ORG
32,Half polo t-shirt (Girls),LCR,260,450,GRY
34,Half polo t-shirt (Girls),LCR,270,470,RED
34,Half polo t-shirt (Girls),LCR,270,470,GRN
34,Half polo t-shirt (Girls),LCR,270,470,NVY
34,Half polo t-shirt (Girls),LCR,270,470,MRN
34,Half polo t-shirt (Girls),LCR,270,470,WHT
34,Half polo t-shirt (Girls),LCR,270,470,BLK
34,Half polo t-shirt (Girls),LCR,270,470,SKY
34,Half polo t-shirt (Girls),LCR,270,470,ORG
34,Half polo t-shirt (Girls),LCR,270,470,GRY
36,Half polo t-shirt (Girls),LCR,335,480,RED
36,Half polo t-shirt (Girls),LCR,335,480,GRN
36,Half polo t-shirt (Girls),LCR,335,480,NVY
36,Half polo t-shirt (Girls),LCR,335,480,MRN
36,Half polo t-shirt (Girls),LCR,335,480,WHT
36,Half polo t-shirt (Girls),LCR,335,480,BLK
36,Half polo t-shirt (Girls),LCR,335,480,SKY
36,Half polo t-shirt (Girls),LCR,335,480,ORG
36,Half polo t-shirt (Girls),LCR,335,480,GRY
38,Half polo t-shirt (Girls),LCR,335,500,RED
38,Half polo t-shirt (Girls),LCR,335,500,GRN
38,Half polo t-shirt (Girls),LCR,335,500,NVY
38,Half polo t-shirt (Girls),LCR,335,500,MRN
38,Half polo t-shirt (Girls),LCR,335,500,WHT
38,Half polo t-shirt (Girls),LCR,335,500,BLK
38,Half polo t-shirt (Girls),LCR,335,500,SKY
38,Half polo t-shirt (Girls),LCR,335,500,ORG
38,Half polo t-shirt (Girls),LCR,335,500,GRY
40,Half polo t-shirt (Girls),LCR,340,530,RED
40,Half polo t-shirt (Girls),LCR,340,530,GRN
40,Half polo t-shirt (Girls),LCR,340,530,NVY
40,Half polo t-shirt (Girls),LCR,340,530,MRN
40,Half polo t-shirt (Girls),LCR,340,530,WHT
40,Half polo t-shirt (Girls),LCR,340,530,BLK
40,Half polo t-shirt (Girls),LCR,340,530,SKY
40,Half polo t-shirt (Girls),LCR,340,530,ORG
40,Half polo t-shirt (Girls),LCR,340,530,GRY
26,Full polo t-shirt (Girls),CTN,230,400,RED
26,Full polo t-shirt (Girls),CTN,230,400,GRN
26,Full polo t-shirt (Girls),CTN,230,400,NVY
26,Full polo t-shirt (Girls),CTN,230,400,MRN
26,Full polo t-shirt (Girls),CTN,230,400,WHT
26,Full polo t-shirt (Girls),CTN,230,400,BLK
26,Full polo t-shirt (Girls),CTN,230,400,SKY
26,Full polo t-shirt (Girls),CTN,230,400,ORG
26,Full polo t-shirt (Girls),CTN,230,400,GRY
28,Full polo t-shirt (Girls),CTN,260,410,RED
28,Full polo t-shirt (Girls),CTN,260,410,GRN
28,Full polo t-shirt (Girls),CTN,260,410,NVY
28,Full polo t-shirt (Girls),CTN,260,410,MRN
28,Full polo t-shirt (Girls),CTN,260,410,WHT
28,Full polo t-shirt (Girls),CTN,260,410,BLK
28,Full polo t-shirt (Girls),CTN,260,410,SKY
28,Full polo t-shirt (Girls),CTN,260,410,ORG
28,Full polo t-shirt (Girls),CTN,260,410,GRY
30,Full polo t-shirt (Girls),CTN,270,430,RED
30,Full polo t-shirt (Girls),CTN,270,430,GRN
30,Full polo t-shirt (Girls),CTN,270,430,NVY
30,Full polo t-shirt (Girls),CTN,270,430,MRN
30,Full polo t-shirt (Girls),CTN,270,430,WHT
30,Full polo t-shirt (Girls),CTN,270,430,BLK
30,Full polo t-shirt (Girls),CTN,270,430,SKY
30,Full polo t-shirt (Girls),CTN,270,430,ORG
30,Full polo t-shirt (Girls),CTN,270,430,GRY
32,Full polo t-shirt (Girls),CTN,280,470,RED
32,Full polo t-shirt (Girls),CTN,280,470,GRN
32,Full polo t-shirt (Girls),CTN,280,470,NVY
32,Full polo t-shirt (Girls),CTN,280,470,MRN
32,Full polo t-shirt (Girls),CTN,280,470,WHT
32,Full polo t-shirt (Girls),CTN,280,470,BLK
32,Full polo t-shirt (Girls),CTN,280,470,SKY
32,Full polo t-shirt (Girls),CTN,280,470,ORG
32,Full polo t-shirt (Girls),CTN,280,470,GRY
34,Full polo t-shirt (Girls),CTN,290,490,RED
34,Full polo t-shirt (Girls),CTN,290,490,GRN
34,Full polo t-shirt (Girls),CTN,290,490,NVY
34,Full polo t-shirt (Girls),CTN,290,490,MRN
34,Full polo t-shirt (Girls),CTN,290,490,WHT
34,Full polo t-shirt (Girls),CTN,290,490,BLK
34,Full polo t-shirt (Girls),CTN,290,490,SKY
34,Full polo t-shirt (Girls),CTN,290,490,ORG
34,Full polo t-shirt (Girls),CTN,290,490,GRY
36,Full polo t-shirt (Girls),CTN,355,500,RED
36,Full polo t-shirt (Girls),CTN,355,500,GRN
36,Full polo t-shirt (Girls),CTN,355,500,NVY
36,Full polo t-shirt (Girls),CTN,355,500,MRN
36,Full polo t-shirt (Girls),CTN,355,500,WHT
36,Full polo t-shirt (Girls),CTN,355,500,BLK
36,Full polo t-shirt (Girls),CTN,355,500,SKY
36,Full polo t-shirt (Girls),CTN,355,500,ORG
36,Full polo t-shirt (Girls),CTN,355,500,GRY
38,Full polo t-shirt (Girls),CTN,360,530,RED
38,Full polo t-shirt (Girls),CTN,360,530,GRN
38,Full polo t-shirt (Girls),CTN,360,530,NVY
38,Full polo t-shirt (Girls),CTN,360,530,MRN
38,Full polo t-shirt (Girls),CTN,360,530,WHT
38,Full polo t-shirt (Girls),CTN,360,530,BLK
38,Full polo t-shirt (Girls),CTN,360,530,SKY
38,Full polo t-shirt (Girls),CTN,360,530,ORG
38,Full polo t-shirt (Girls),CTN,360,530,GRY
40,Full polo t-shirt (Girls),CTN,360,550,RED
40,Full polo t-shirt (Girls),CTN,360,550,GRN
40,Full polo t-shirt (Girls),CTN,360,550,NVY
40,Full polo t-shirt (Girls),CTN,360,550,MRN
40,Full polo t-shirt (Girls),CTN,360,550,WHT
40,Full polo t-shirt (Girls),CTN,360,550,BLK
40,Full polo t-shirt (Girls),CTN,360,550,SKY
40,Full polo t-shirt (Girls),CTN,360,550,ORG
40,Full polo t-shirt (Girls),CTN,360,550,GRY
26,Full polo t-shirt (Girls),LCR,220,390,RED
26,Full polo t-shirt (Girls),LCR,220,390,GRN
26,Full polo t-shirt (Girls),LCR,220,390,NVY
26,Full polo t-shirt (Girls),LCR,220,390,MRN
26,Full polo t-shirt (Girls),LCR,220,390,WHT
26,Full polo t-shirt (Girls),LCR,220,390,BLK
26,Full polo t-shirt (Girls),LCR,220,390,SKY
26,Full polo t-shirt (Girls),LCR,220,390,ORG
26,Full polo t-shirt (Girls),LCR,220,390,GRY
28,Full polo t-shirt (Girls),LCR,250,400,RED
28,Full polo t-shirt (Girls),LCR,250,400,GRN
28,Full polo t-shirt (Girls),LCR,250,400,NVY
28,Full polo t-shirt (Girls),LCR,250,400,MRN
28,Full polo t-shirt (Girls),LCR,250,400,WHT
28,Full polo t-shirt (Girls),LCR,250,400,BLK
28,Full polo t-shirt (Girls),LCR,250,400,SKY
28,Full polo t-shirt (Girls),LCR,250,400,ORG
28,Full polo t-shirt (Girls),LCR,250,400,GRY
30,Full polo t-shirt (Girls),LCR,260,420,RED
30,Full polo t-shirt (Girls),LCR,260,420,GRN
30,Full polo t-shirt (Girls),LCR,260,420,NVY
30,Full polo t-shirt (Girls),LCR,260,420,MRN
30,Full polo t-shirt (Girls),LCR,260,420,WHT
30,Full polo t-shirt (Girls),LCR,260,420,BLK
30,Full polo t-shirt (Girls),LCR,260,420,SKY
30,Full polo t-shirt (Girls),LCR,260,420,ORG
30,Full polo t-shirt (Girls),LCR,260,420,GRY
32,Full polo t-shirt (Girls),LCR,270,460,RED
32,Full polo t-shirt (Girls),LCR,270,460,GRN
32,Full polo t-shirt (Girls),LCR,270,460,NVY
32,Full polo t-shirt (Girls),LCR,270,460,MRN
32,Full polo t-shirt (Girls),LCR,270,460,WHT
32,Full polo t-shirt (Girls),LCR,270,460,BLK
32,Full polo t-shirt (Girls),LCR,270,460,SKY
32,Full polo t-shirt (Girls),LCR,270,460,ORG
32,Full polo t-shirt (Girls),LCR,270,460,GRY
34,Full polo t-shirt (Girls),LCR,280,480,RED
34,Full polo t-shirt (Girls),LCR,280,480,GRN
34,Full polo t-shirt (Girls),LCR,280,480,NVY
34,Full polo t-shirt (Girls),LCR,280,480,MRN
34,Full polo t-shirt (Girls),LCR,280,480,WHT
34,Full polo t-shirt (Girls),LCR,280,480,BLK
34,Full polo t-shirt (Girls),LCR,280,480,SKY
34,Full polo t-shirt (Girls),LCR,280,480,ORG
34,Full polo t-shirt (Girls),LCR,280,480,GRY
36,Full polo t-shirt (Girls),LCR,345,490,RED
36,Full polo t-shirt (Girls),LCR,345,490,GRN
36,Full polo t-shirt (Girls),LCR,345,490,NVY
36,Full polo t-shirt (Girls),LCR,345,490,MRN
36,Full polo t-shirt (Girls),LCR,345,490,WHT
36,Full polo t-shirt (Girls),LCR,345,490,BLK
36,Full polo t-shirt (Girls),LCR,345,490,SKY
36,Full polo t-shirt (Girls),LCR,345,490,ORG
36,Full polo t-shirt (Girls),LCR,345,490,GRY
38,Full polo t-shirt (Girls),LCR,350,520,RED
38,Full polo t-shirt (Girls),LCR,350,520,GRN
38,Full polo t-shirt (Girls),LCR,350,520,NVY
38,Full polo t-shirt (Girls),LCR,350,520,MRN
38,Full polo t-shirt (Girls),LCR,350,520,WHT
38,Full polo t-shirt (Girls),LCR,350,520,BLK
38,Full polo t-shirt (Girls),LCR,350,520,SKY
38,Full polo t-shirt (Girls),LCR,350,520,ORG
38,Full polo t-shirt (Girls),LCR,350,520,GRY
40,Full polo t-shirt (Girls),LCR,350,540,RED
40,Full polo t-shirt (Girls),LCR,350,540,GRN
40,Full polo t-shirt (Girls),LCR,350,540,NVY
40,Full polo t-shirt (Girls),LCR,350,540,MRN
40,Full polo t-shirt (Girls),LCR,350,540,WHT
40,Full polo t-shirt (Girls),LCR,350,540,BLK
40,Full polo t-shirt (Girls),LCR,350,540,SKY
40,Full polo t-shirt (Girls),LCR,350,540,ORG
40,Full polo t-shirt (Girls),LCR,350,540,GRY
26,Lab coats,HCTN,250,430,RED
26,Lab coats,HCTN,250,430,GRN
26,Lab coats,HCTN,250,430,NVY
26,Lab coats,HCTN,250,430,MRN
26,Lab coats,HCTN,250,430,WHT
26,Lab coats,HCTN,250,430,BLK
26,Lab coats,HCTN,250,430,SKY
26,Lab coats,HCTN,250,430,ORG
26,Lab coats,HCTN,250,430,GRY
28,Lab coats,HCTN,260,430,RED
28,Lab coats,HCTN,260,430,GRN
28,Lab coats,HCTN,260,430,NVY
28,Lab coats,HCTN,260,430,MRN
28,Lab coats,HCTN,260,430,WHT
28,Lab coats,HCTN,260,430,BLK
28,Lab coats,HCTN,260,430,SKY
28,Lab coats,HCTN,260,430,ORG
28,Lab coats,HCTN,260,430,GRY
30,Lab coats,HCTN,290,460,RED
30,Lab coats,HCTN,290,460,GRN
30,Lab coats,HCTN,290,460,NVY
30,Lab coats,HCTN,290,460,MRN
30,Lab coats,HCTN,290,460,WHT
30,Lab coats,HCTN,290,460,BLK
30,Lab coats,HCTN,290,460,SKY
30,Lab coats,HCTN,290,460,ORG
30,Lab coats,HCTN,290,460,GRY
32,Lab coats,HCTN,290,480,RED
32,Lab coats,HCTN,290,480,GRN
32,Lab coats,HCTN,290,480,NVY
32,Lab coats,HCTN,290,480,MRN
32,Lab coats,HCTN,290,480,WHT
32,Lab coats,HCTN,290,480,BLK
32,Lab coats,HCTN,290,480,SKY
32,Lab coats,HCTN,290,480,ORG
32,Lab coats,HCTN,290,480,GRY
34,Lab coats,HCTN,300,500,RED
34,Lab coats,HCTN,300,500,GRN
34,Lab coats,HCTN,300,500,NVY
34,Lab coats,HCTN,300,500,MRN
34,Lab coats,HCTN,300,500,WHT
34,Lab coats,HCTN,300,500,BLK
34,Lab coats,HCTN,300,500,SKY
34,Lab coats,HCTN,300,500,ORG
34,Lab coats,HCTN,300,500,GRY
36,Lab coats,HCTN,370,510,RED
36,Lab coats,HCTN,370,510,GRN
36,Lab coats,HCTN,370,510,NVY
36,Lab coats,HCTN,370,510,MRN
36,Lab coats,HCTN,370,510,WHT
36,Lab coats,HCTN,370,510,BLK
36,Lab coats,HCTN,370,510,SKY
36,Lab coats,HCTN,370,510,ORG
36,Lab coats,HCTN,370,510,GRY
38,Lab coats,HCTN,380,510,RED
38,Lab coats,HCTN,380,510,GRN
38,Lab coats,HCTN,380,510,NVY
38,Lab coats,HCTN,380,510,MRN
38,Lab coats,HCTN,380,510,WHT
38,Lab coats,HCTN,380,510,BLK
38,Lab coats,HCTN,380,510,SKY
38,Lab coats,HCTN,380,510,ORG
38,Lab coats,HCTN,380,510,GRY
40,Lab coats,HCTN,390,550,RED
40,Lab coats,HCTN,390,550,GRN
40,Lab coats,HCTN,390,550,NVY
40,Lab coats,HCTN,390,550,MRN
40,Lab coats,HCTN,390,550,WHT
40,Lab coats,HCTN,390,550,BLK
40,Lab coats,HCTN,390,550,SKY
40,Lab coats,HCTN,390,550,ORG
40,Lab coats,HCTN,390,550,GRY
26,Track top ,"LCR,NLN",410,650,RED
26,Track top ,"LCR,NLN",410,650,GRN
26,Track top ,"LCR,NLN",410,650,NVY
26,Track top ,"LCR,NLN",410,650,MRN
26,Track top ,"LCR,NLN",410,650,WHT
26,Track top ,"LCR,NLN",410,650,BLK
26,Track top ,"LCR,NLN",410,650,SKY
26,Track top ,"LCR,NLN",410,650,ORG
26,Track top ,"LCR,NLN",410,650,GRY
28,Track top ,"LCR,NLN",420,680,RED
28,Track top ,"LCR,NLN",420,680,GRN
28,Track top ,"LCR,NLN",420,680,NVY
28,Track top ,"LCR,NLN",420,680,MRN
28,Track top ,"LCR,NLN",420,680,WHT
28,Track top ,"LCR,NLN",420,680,BLK
28,Track top ,"LCR,NLN",420,680,SKY
28,Track top ,"LCR,NLN",420,680,ORG
28,Track top ,"LCR,NLN",420,680,GRY
30,Track top ,"LCR,NLN",440,730,RED
30,Track top ,"LCR,NLN",440,730,GRN
30,Track top ,"LCR,NLN",440,730,NVY
30,Track top ,"LCR,NLN",440,730,MRN
30,Track top ,"LCR,NLN",440,730,WHT
30,Track top ,"LCR,NLN",440,730,BLK
30,Track top ,"LCR,NLN",440,730,SKY
30,Track top ,"LCR,NLN",440,730,ORG
30,Track top ,"LCR,NLN",440,730,GRY
32,Track top ,"LCR,NLN",460,760,RED
32,Track top ,"LCR,NLN",460,760,GRN
32,Track top ,"LCR,NLN",460,760,NVY
32,Track top ,"LCR,NLN",460,760,MRN
32,Track top ,"LCR,NLN",460,760,WHT
32,Track top ,"LCR,NLN",460,760,BLK
32,Track top ,"LCR,NLN",460,760,SKY
32,Track top ,"LCR,NLN",460,760,ORG
32,Track top ,"LCR,NLN",460,760,GRY
34,Track top ,"LCR,NLN",480,790,RED
34,Track top ,"LCR,NLN",480,790,GRN
34,Track top ,"LCR,NLN",480,790,NVY
34,Track top ,"LCR,NLN",480,790,MRN
34,Track top ,"LCR,NLN",480,790,WHT
34,Track top ,"LCR,NLN",480,790,BLK
34,Track top ,"LCR,NLN",480,790,SKY
34,Track top ,"LCR,NLN",480,790,ORG
34,Track top ,"LCR,NLN",480,790,GRY
36,Track top ,"LCR,NLN",520,840,RED
36,Track top ,"LCR,NLN",520,840,GRN
36,Track top ,"LCR,NLN",520,840,NVY
36,Track top ,"LCR,NLN",520,840,MRN
36,Track top ,"LCR,NLN",520,840,WHT
36,Track top ,"LCR,NLN",520,840,BLK
36,Track top ,"LCR,NLN",520,840,SKY
36,Track top ,"LCR,NLN",520,840,ORG
36,Track top ,"LCR,NLN",520,840,GRY
38,Track top ,"LCR,NLN",530,890,RED
38,Track top ,"LCR,NLN",530,890,GRN
38,Track top ,"LCR,NLN",530,890,NVY
38,Track top ,"LCR,NLN",530,890,MRN
38,Track top ,"LCR,NLN",530,890,WHT
38,Track top ,"LCR,NLN",530,890,BLK
38,Track top ,"LCR,NLN",530,890,SKY
38,Track top ,"LCR,NLN",530,890,ORG
38,Track top ,"LCR,NLN",530,890,GRY
40,Track top ,"LCR,NLN",560,930,RED
40,Track top ,"LCR,NLN",560,930,GRN
40,Track top ,"LCR,NLN",560,930,NVY
40,Track top ,"LCR,NLN",560,930,MRN
40,Track top ,"LCR,NLN",560,930,WHT
40,Track top ,"LCR,NLN",560,930,BLK
40,Track top ,"LCR,NLN",560,930,SKY
40,Track top ,"LCR,NLN",560,930,ORG
40,Track top ,"LCR,NLN",560,930,GRY
26,Track bottom,"LCR,NLN",410,650,RED
26,Track bottom,"LCR,NLN",410,650,GRN
26,Track bottom,"LCR,NLN",410,650,NVY
26,Track bottom,"LCR,NLN",410,650,MRN
26,Track bottom,"LCR,NLN",410,650,WHT
26,Track bottom,"LCR,NLN",410,650,BLK
26,Track bottom,"LCR,NLN",410,650,SKY
26,Track bottom,"LCR,NLN",410,650,ORG
26,Track bottom,"LCR,NLN",410,650,GRY
28,Track bottom,"LCR,NLN",420,680,RED
28,Track bottom,"LCR,NLN",420,680,GRN
28,Track bottom,"LCR,NLN",420,680,NVY
28,Track bottom,"LCR,NLN",420,680,MRN
28,Track bottom,"LCR,NLN",420,680,WHT
28,Track bottom,"LCR,NLN",420,680,BLK
28,Track bottom,"LCR,NLN",420,680,SKY
28,Track bottom,"LCR,NLN",420,680,ORG
28,Track bottom,"LCR,NLN",420,680,GRY
30,Track bottom,"LCR,NLN",440,730,RED
30,Track bottom,"LCR,NLN",440,730,GRN
30,Track bottom,"LCR,NLN",440,730,NVY
30,Track bottom,"LCR,NLN",440,730,MRN
30,Track bottom,"LCR,NLN",440,730,WHT
30,Track bottom,"LCR,NLN",440,730,BLK
30,Track bottom,"LCR,NLN",440,730,SKY
30,Track bottom,"LCR,NLN",440,730,ORG
30,Track bottom,"LCR,NLN",440,730,GRY
32,Track bottom,"LCR,NLN",460,760,RED
32,Track bottom,"LCR,NLN",460,760,GRN
32,Track bottom,"LCR,NLN",460,760,NVY
32,Track bottom,"LCR,NLN",460,760,MRN
32,Track bottom,"LCR,NLN",460,760,WHT
32,Track bottom,"LCR,NLN",460,760,BLK
32,Track bottom,"LCR,NLN",460,760,SKY
32,Track bottom,"LCR,NLN",460,760,ORG
32,Track bottom,"LCR,NLN",460,760,GRY
34,Track bottom,"LCR,NLN",480,790,RED
34,Track bottom,"LCR,NLN",480,790,GRN
34,Track bottom,"LCR,NLN",480,790,NVY
34,Track bottom,"LCR,NLN",480,790,MRN
34,Track bottom,"LCR,NLN",480,790,WHT
34,Track bottom,"LCR,NLN",480,790,BLK
34,Track bottom,"LCR,NLN",480,790,SKY
34,Track bottom,"LCR,NLN",480,790,ORG
34,Track bottom,"LCR,NLN",480,790,GRY
36,Track bottom,"LCR,NLN",520,840,RED
36,Track bottom,"LCR,NLN",520,840,GRN
36,Track bottom,"LCR,NLN",520,840,NVY
36,Track bottom,"LCR,NLN",520,840,MRN
36,Track bottom,"LCR,NLN",520,840,WHT
36,Track bottom,"LCR,NLN",520,840,BLK
36,Track bottom,"LCR,NLN",520,840,SKY
36,Track bottom,"LCR,NLN",520,840,ORG
36,Track bottom,"LCR,NLN",520,840,GRY
38,Track bottom,"LCR,NLN",530,890,RED
38,Track bottom,"LCR,NLN",530,890,GRN
38,Track bottom,"LCR,NLN",530,890,NVY
38,Track bottom,"LCR,NLN",530,890,MRN
38,Track bottom,"LCR,NLN",530,890,WHT
38,Track bottom,"LCR,NLN",530,890,BLK
38,Track bottom,"LCR,NLN",530,890,SKY
38,Track bottom,"LCR,NLN",530,890,ORG
38,Track bottom,"LCR,NLN",530,890,GRY
40,Track bottom,"LCR,NLN",560,930,RED
40,Track bottom,"LCR,NLN",560,930,GRN
40,Track bottom,"LCR,NLN",560,930,NVY
40,Track bottom,"LCR,NLN",560,930,MRN
40,Track bottom,"LCR,NLN",560,930,WHT
40,Track bottom,"LCR,NLN",560,930,BLK
40,Track bottom,"LCR,NLN",560,930,SKY
40,Track bottom,"LCR,NLN",560,930,ORG
40,Track bottom,"LCR,NLN",560,930,GRY
